time,lat,lon,hMSL,velN,velE,velD,hAcc,vAcc,sAcc,heading,cAcc,gpsFix,numSV
,(deg),(deg),(m),(m/s),(m/s),(m/s),(m),(m),(m/s),(deg),(deg),,
2023-08-24T12:35:35.200Z,62.4487639,7.6903345,1544.405,1.51,-1.42,1.06,1.099,1.619,0.45,0.0,0.0,0.0,27
2023-08-24T12:35:35.400Z,62.4487681,7.6903276,1544.18,2.96,-2.12,1.61,1.109,1.626,0.53,0.0,0.0,0.0,27
2023-08-24T12:35:35.600Z,62.4487736,7.6903181,1543.653,3.34,-2.89,3.56,1.121,1.633,0.45,0.0,0.0,0.0,27
2023-08-24T12:35:35.800Z,62.4487798,7.6903071,1542.779,3.67,-2.95,5.28,1.131,1.64,0.39,0.0,0.0,0.0,27
2023-08-24T12:35:36.000Z,62.4487853,7.6902975,1541.416,3.01,-2.33,7.58,1.141,1.646,0.36,0.0,0.0,0.0,27
2023-08-24T12:35:36.200Z,62.4487904,7.6902888,1539.732,2.88,-2.35,9.22,1.153,1.654,0.36,0.0,0.0,0.0,27
2023-08-24T12:35:36.400Z,62.4487955,7.6902803,1537.616,3.05,-2.26,11.27,1.164,1.662,0.37,0.0,0.0,0.0,27
2023-08-24T12:35:36.600Z,62.4488011,7.6902712,1535.176,3.37,-2.61,12.97,1.173,1.672,0.38,0.0,0.0,0.0,27
2023-08-24T12:35:36.800Z,62.4488067,7.6902618,1532.32,3.17,-2.56,15.09,1.17,1.66,0.32,0.0,0.0,0.0,26
2023-08-24T12:35:37.000Z,62.4488122,7.6902528,1529.204,3.53,-2.71,16.68,1.156,1.653,0.32,0.0,0.0,0.0,27
2023-08-24T12:35:37.200Z,62.4488184,7.6902423,1525.739,3.51,-2.77,18.25,1.143,1.648,0.32,0.0,0.0,0.0,28
2023-08-24T12:35:37.400Z,62.4488253,7.6902302,1521.985,4.03,-3.27,19.47,1.13,1.642,0.33,0.0,0.0,0.0,28
2023-08-24T12:35:37.600Z,62.4488328,7.6902157,1517.908,4.4,-4.05,20.77,1.117,1.632,0.3,0.0,0.0,0.0,28
2023-08-24T12:35:37.800Z,62.448841,7.6901983,1513.619,4.86,-4.88,21.87,1.104,1.625,0.3,0.0,0.0,0.0,28
2023-08-24T12:35:38.000Z,62.4488501,7.6901772,1509.096,5.41,-5.93,22.82,1.093,1.619,0.29,0.0,0.0,0.0,28
2023-08-24T12:35:38.200Z,62.4488603,7.6901517,1504.409,5.77,-6.91,23.65,1.082,1.615,0.31,0.0,0.0,0.0,28
2023-08-24T12:35:38.400Z,62.4488714,7.6901215,1499.613,6.29,-8.23,24.3,1.072,1.613,0.32,0.0,0.0,0.0,28
2023-08-24T12:35:38.600Z,62.4488834,7.6900866,1494.655,6.67,-9.31,25.13,1.06,1.609,0.32,0.0,0.0,0.0,28
2023-08-24T12:35:38.800Z,62.4488961,7.6900474,1489.567,7.07,-10.52,25.7,1.051,1.606,0.32,0.0,0.0,0.0,28
2023-08-24T12:35:39.000Z,62.4489091,7.6900037,1484.363,7.33,-11.82,26.18,1.04,1.602,0.33,0.0,0.0,0.0,28
2023-08-24T12:35:39.200Z,62.4489226,7.689955,1479.075,7.57,-13.12,26.76,1.031,1.599,0.33,0.0,0.0,0.0,25
2023-08-24T12:35:39.400Z,62.4489363,7.6899016,1473.689,7.88,-14.43,27.12,1.021,1.594,0.32,0.0,0.0,0.0,25
2023-08-24T12:35:39.600Z,62.4489504,7.6898432,1468.176,8.04,-15.75,27.68,1.011,1.589,0.32,0.0,0.0,0.0,25
2023-08-24T12:35:39.800Z,62.4489649,7.6897789,1462.621,7.95,-17.22,27.86,1.003,1.583,0.32,0.0,0.0,0.0,24
2023-08-24T12:35:40.000Z,62.4489794,7.689709,1457.072,8.06,-18.67,28.01,0.996,1.577,0.31,0.0,0.0,0.0,23
2023-08-24T12:35:40.200Z,62.448994,7.6896335,1451.457,8.01,-20.04,28.25,0.989,1.572,0.33,0.0,0.0,0.0,23
2023-08-24T12:35:40.400Z,62.4490087,7.6895526,1445.818,7.8,-21.21,28.42,0.983,1.566,0.32,0.0,0.0,0.0,24
2023-08-24T12:35:40.600Z,62.4490228,7.6894674,1440.074,7.75,-22.51,28.84,0.978,1.561,0.32,0.0,0.0,0.0,23
2023-08-24T12:35:40.800Z,62.4490368,7.6893774,1434.28,7.55,-23.67,29.07,0.972,1.555,0.3,0.0,0.0,0.0,23
2023-08-24T12:35:41.000Z,62.4490502,7.6892831,1428.439,7.17,-24.73,29.36,0.967,1.549,0.3,0.0,0.0,0.0,23
2023-08-24T12:35:41.200Z,62.4490629,7.6891846,1422.525,6.82,-25.89,29.73,0.963,1.544,0.29,0.0,0.0,0.0,23
2023-08-24T12:35:41.400Z,62.4490748,7.6890815,1416.57,6.24,-27.07,29.87,0.959,1.537,0.28,0.0,0.0,0.0,23
2023-08-24T12:35:41.600Z,62.4490856,7.6889738,1410.576,5.69,-28.36,29.82,0.955,1.529,0.28,0.0,0.0,0.0,23
2023-08-24T12:35:41.800Z,62.4490956,7.6888613,1404.599,5.19,-29.43,29.98,0.951,1.522,0.28,0.0,0.0,0.0,24
2023-08-24T12:35:42.000Z,62.4491048,7.6887454,1398.577,4.81,-30.15,30.42,0.948,1.517,0.29,0.0,0.0,0.0,24
2023-08-24T12:35:42.200Z,62.4491131,7.6886267,1392.42,4.35,-30.87,31.09,0.946,1.511,0.29,0.0,0.0,0.0,24
2023-08-24T12:35:42.400Z,62.4491208,7.6885048,1386.174,3.96,-31.78,31.44,0.943,1.506,0.29,0.0,0.0,0.0,24
2023-08-24T12:35:42.600Z,62.4491273,7.6883791,1379.89,3.17,-32.91,31.38,0.941,1.501,0.29,0.0,0.0,0.0,24
2023-08-24T12:35:42.800Z,62.4491329,7.6882495,1373.607,2.9,-33.72,31.55,0.939,1.496,0.29,0.0,0.0,0.0,24
2023-08-24T12:35:43.000Z,62.4491379,7.6881171,1367.242,2.56,-34.39,32.02,0.936,1.491,0.29,0.0,0.0,0.0,24
2023-08-24T12:35:43.200Z,62.4491424,7.6879818,1360.818,2.22,-35.19,32.38,0.935,1.487,0.29,0.0,0.0,0.0,24
2023-08-24T12:35:43.400Z,62.4491458,7.6878434,1354.323,1.45,-36.07,32.58,0.933,1.483,0.29,0.0,0.0,0.0,24
2023-08-24T12:35:43.600Z,62.4491481,7.6877023,1347.748,1.06,-36.58,33.11,0.932,1.479,0.29,0.0,0.0,0.0,24
2023-08-24T12:35:43.800Z,62.4491497,7.6875587,1341.094,0.55,-37.33,33.43,0.931,1.476,0.29,0.0,0.0,0.0,24
2023-08-24T12:35:44.000Z,62.4491499,7.6874123,1334.364,-0.29,-38.08,33.71,0.93,1.474,0.29,0.0,0.0,0.0,24
2023-08-24T12:35:44.200Z,62.4491485,7.6872626,1327.636,-1.33,-38.96,33.61,0.931,1.473,0.29,0.0,0.0,0.0,24
2023-08-24T12:35:44.400Z,62.4491453,7.6871101,1320.904,-2.27,-39.64,33.57,0.931,1.471,0.29,0.0,0.0,0.0,24
2023-08-24T12:35:44.600Z,62.4491405,7.686955,1314.153,-3.08,-40.32,33.78,0.93,1.471,0.29,0.0,0.0,0.0,24
2023-08-24T12:35:44.800Z,62.4491344,7.6867972,1307.393,-3.82,-41.02,33.7,0.93,1.47,0.29,0.0,0.0,0.0,24
2023-08-24T12:35:45.000Z,62.4491268,7.6866367,1300.657,-4.66,-41.67,33.78,0.93,1.469,0.3,0.0,0.0,0.0,24
2023-08-24T12:35:45.200Z,62.4491178,7.6864737,1293.901,-5.42,-42.35,33.77,0.93,1.468,0.3,0.0,0.0,0.0,25
2023-08-24T12:35:45.400Z,62.4491077,7.6863085,1287.134,-5.86,-42.82,33.99,0.93,1.468,0.3,0.0,0.0,0.0,25
2023-08-24T12:35:45.600Z,62.4490968,7.6861418,1280.272,-6.35,-43.1,34.64,0.93,1.468,0.29,0.0,0.0,0.0,25
2023-08-24T12:35:45.800Z,62.449085,7.6859736,1273.33,-6.8,-43.63,34.72,0.929,1.468,0.29,0.0,0.0,0.0,26
2023-08-24T12:35:46.000Z,62.4490725,7.6858034,1266.375,-7.25,-44.09,34.86,0.929,1.468,0.29,0.0,0.0,0.0,26
2023-08-24T12:35:46.200Z,62.4490592,7.6856313,1259.411,-7.57,-44.61,35.04,0.929,1.468,0.29,0.0,0.0,0.0,26
2023-08-24T12:35:46.400Z,62.4490453,7.6854573,1252.398,-7.95,-45.16,35.1,0.929,1.469,0.29,0.0,0.0,0.0,26
2023-08-24T12:35:46.600Z,62.449031,7.6852811,1245.384,-8.02,-45.77,35.05,0.93,1.471,0.3,0.0,0.0,0.0,26
2023-08-24T12:35:46.800Z,62.4490169,7.6851025,1238.371,-7.7,-46.42,34.93,0.93,1.471,0.31,0.0,0.0,0.0,26
2023-08-24T12:35:47.000Z,62.4490035,7.6849214,1231.425,-7.22,-47.01,34.76,0.932,1.47,0.31,0.0,0.0,0.0,26
2023-08-24T12:35:47.200Z,62.4489912,7.6847379,1224.499,-6.56,-47.64,34.78,0.932,1.47,0.31,0.0,0.0,0.0,26
2023-08-24T12:35:47.400Z,62.4489801,7.684552,1217.59,-5.75,-48.25,34.45,0.933,1.47,0.3,0.0,0.0,0.0,26
2023-08-24T12:35:47.600Z,62.4489706,7.6843639,1210.714,-4.89,-48.8,34.58,0.935,1.471,0.3,0.0,0.0,0.0,26
2023-08-24T12:35:47.800Z,62.4489631,7.6841736,1203.866,-3.59,-49.39,34.14,0.936,1.473,0.29,0.0,0.0,0.0,26
2023-08-24T12:35:48.000Z,62.4489589,7.6839807,1197.19,-1.23,-50.16,32.96,0.939,1.476,0.29,0.0,0.0,0.0,26
2023-08-24T12:35:48.200Z,62.4489594,7.6837865,1190.672,1.71,-50.08,32.2,0.943,1.483,0.34,0.0,0.0,0.0,26
2023-08-24T12:35:48.400Z,62.448965,7.683593,1184.258,4.48,-49.81,31.94,0.95,1.491,0.37,0.0,0.0,0.0,26
2023-08-24T12:35:48.600Z,62.4489754,7.6834012,1177.859,7.17,-49.22,31.6,0.958,1.5,0.39,0.0,0.0,0.0,26
2023-08-24T12:35:48.800Z,62.4489907,7.6832117,1171.524,9.95,-48.69,31.31,0.967,1.51,0.39,0.0,0.0,0.0,26
2023-08-24T12:35:49.000Z,62.4490114,7.683025,1165.294,13.1,-47.79,30.75,0.975,1.519,0.38,0.0,0.0,0.0,26
2023-08-24T12:35:49.200Z,62.4490371,7.6828431,1159.038,15.66,-46.69,30.76,0.982,1.529,0.38,0.0,0.0,0.0,27
2023-08-24T12:35:49.400Z,62.4490671,7.6826655,1152.789,17.85,-45.48,30.79,0.99,1.54,0.44,0.0,0.0,0.0,27
2023-08-24T12:35:49.600Z,62.4491016,7.6824922,1146.638,20.31,-44.25,30.97,0.999,1.553,0.41,0.0,0.0,0.0,27
2023-08-24T12:35:49.800Z,62.4491407,7.6823248,1140.467,23.04,-42.48,30.86,1.007,1.566,0.41,0.0,0.0,0.0,27
2023-08-24T12:35:50.000Z,62.4491845,7.6821637,1134.315,25.51,-40.93,30.7,1.016,1.577,0.4,0.0,0.0,0.0,27
2023-08-24T12:35:50.200Z,62.4492322,7.6820085,1128.136,27.59,-39.47,30.63,1.025,1.588,0.4,0.0,0.0,0.0,27
2023-08-24T12:35:50.400Z,62.4492835,7.6818581,1122.098,29.31,-38.25,30.25,1.033,1.597,0.38,0.0,0.0,0.0,27
2023-08-24T12:35:50.600Z,62.4493375,7.6817118,1116.07,30.6,-37.41,30.47,1.041,1.606,0.37,0.0,0.0,0.0,26
2023-08-24T12:35:50.800Z,62.4493936,7.681569,1110.017,31.73,-36.46,30.36,1.048,1.614,0.36,0.0,0.0,0.0,26
2023-08-24T12:35:51.000Z,62.4494512,7.6814291,1103.875,32.36,-35.94,31.08,1.054,1.623,0.36,0.0,0.0,0.0,26
2023-08-24T12:35:51.200Z,62.4495101,7.6812917,1097.656,33.12,-35.15,31.39,1.06,1.631,0.35,0.0,0.0,0.0,26
2023-08-24T12:35:51.400Z,62.4495703,7.6811567,1091.372,33.82,-34.72,31.67,1.066,1.64,0.35,0.0,0.0,0.0,26
2023-08-24T12:35:51.600Z,62.4496318,7.6810234,1085.075,34.49,-34.23,31.83,1.071,1.647,0.34,0.0,0.0,0.0,26
2023-08-24T12:35:51.800Z,62.4496944,7.680892,1078.708,35.25,-33.68,31.94,1.075,1.654,0.34,0.0,0.0,0.0,26
2023-08-24T12:35:52.000Z,62.4497582,7.6807621,1072.302,35.89,-33.47,31.81,1.078,1.66,0.33,0.0,0.0,0.0,26
2023-08-24T12:35:52.200Z,62.449823,7.6806325,1065.949,36.23,-33.46,31.92,1.079,1.663,0.34,0.0,0.0,0.0,26
2023-08-24T12:35:52.400Z,62.4498883,7.6805033,1059.528,36.51,-33.33,32.17,1.08,1.665,0.35,0.0,0.0,0.0,26
2023-08-24T12:35:52.600Z,62.4499541,7.6803739,1053.14,36.87,-33.5,31.63,1.079,1.665,0.33,0.0,0.0,0.0,26
2023-08-24T12:35:52.800Z,62.4500206,7.6802435,1046.829,37.0,-33.84,31.73,1.078,1.665,0.33,0.0,0.0,0.0,26
2023-08-24T12:35:53.000Z,62.4500872,7.6801124,1040.514,37.24,-33.93,31.49,1.077,1.665,0.33,0.0,0.0,0.0,26
2023-08-24T12:35:53.200Z,62.4501538,7.6799809,1034.099,36.96,-34.0,32.31,1.076,1.662,0.32,0.0,0.0,0.0,26
2023-08-24T12:35:53.400Z,62.4502205,7.6798484,1027.723,37.25,-34.44,31.49,1.076,1.659,0.34,0.0,0.0,0.0,26
2023-08-24T12:35:53.600Z,62.4502877,7.6797146,1021.483,37.55,-34.73,31.03,1.075,1.656,0.34,0.0,0.0,0.0,26
2023-08-24T12:35:53.800Z,62.4503555,7.6795802,1015.315,38.01,-34.75,30.5,1.076,1.656,0.35,0.0,0.0,0.0,26
2023-08-24T12:35:54.000Z,62.4504242,7.6794463,1009.253,38.51,-34.47,30.03,1.076,1.658,0.36,0.0,0.0,0.0,26
2023-08-24T12:35:54.200Z,62.4504938,7.6793137,1003.239,39.09,-34.07,29.96,1.078,1.66,0.37,0.0,0.0,0.0,26
2023-08-24T12:35:54.400Z,62.4505646,7.6791831,997.26,39.75,-33.42,29.66,1.081,1.66,0.38,0.0,0.0,0.0,26
2023-08-24T12:35:54.600Z,62.4506367,7.6790556,991.346,40.66,-32.45,29.42,1.086,1.663,0.37,0.0,0.0,0.0,26
2023-08-24T12:35:54.800Z,62.4507103,7.678932,985.424,41.49,-31.43,29.26,1.091,1.667,0.4,0.0,0.0,0.0,26
2023-08-24T12:35:55.000Z,62.4507857,7.6788134,979.596,42.56,-29.92,28.99,1.097,1.671,0.41,0.0,0.0,0.0,26
2023-08-24T12:35:55.200Z,62.4508631,7.6787018,973.817,43.73,-27.82,28.61,1.104,1.677,0.41,0.0,0.0,0.0,26
2023-08-24T12:35:55.400Z,62.4509425,7.6785978,968.009,44.96,-25.98,28.45,1.111,1.684,0.41,0.0,0.0,0.0,26
2023-08-24T12:35:55.600Z,62.4510236,7.6785013,962.244,45.61,-24.05,28.52,1.119,1.692,0.42,0.0,0.0,0.0,26
2023-08-24T12:35:55.800Z,62.451106,7.6784117,956.532,46.23,-22.36,28.39,1.127,1.699,0.42,0.0,0.0,0.0,25
2023-08-24T12:35:56.000Z,62.4511896,7.6783293,950.826,47.05,-20.38,28.02,1.135,1.707,0.42,0.0,0.0,0.0,25
2023-08-24T12:35:56.200Z,62.4512746,7.6782536,945.155,47.75,-18.89,28.37,1.142,1.714,0.41,0.0,0.0,0.0,25
2023-08-24T12:35:56.400Z,62.4513607,7.6781834,939.465,48.13,-17.53,28.43,1.149,1.722,0.41,0.0,0.0,0.0,25
2023-08-24T12:35:56.600Z,62.4514472,7.6781185,933.733,48.2,-16.16,28.68,1.156,1.73,0.41,0.0,0.0,0.0,25
2023-08-24T12:35:56.800Z,62.4515345,7.6780581,928.038,48.86,-15.15,28.68,1.162,1.732,0.41,0.0,0.0,0.0,25
2023-08-24T12:35:57.000Z,62.4516225,7.6780019,922.222,49.26,-14.04,29.08,1.169,1.734,0.46,0.0,0.0,0.0,25
2023-08-24T12:35:57.200Z,62.4517107,7.6779495,916.278,49.25,-13.18,29.58,1.176,1.74,0.47,0.0,0.0,0.0,25
2023-08-24T12:35:57.400Z,62.4517995,7.6779005,910.329,49.67,-12.23,29.59,1.183,1.741,0.44,0.0,0.0,0.0,25
2023-08-24T12:35:57.600Z,62.451889,7.6778554,904.486,49.89,-11.2,29.26,1.189,1.741,0.45,0.0,0.0,0.0,25
2023-08-24T12:35:57.800Z,62.4519785,7.6778136,898.544,49.95,-10.53,29.75,1.195,1.74,0.45,0.0,0.0,0.0,25
2023-08-24T12:35:58.000Z,62.4520683,7.6777739,892.569,49.9,-10.08,30.16,1.201,1.742,0.44,0.0,0.0,0.0,26
2023-08-24T12:35:58.200Z,62.4521579,7.677736,886.485,49.98,-9.59,30.27,1.205,1.745,0.45,0.0,0.0,0.0,26
2023-08-24T12:35:58.400Z,62.4522478,7.6776994,880.376,50.28,-9.34,30.43,1.21,1.747,0.43,0.0,0.0,0.0,26
2023-08-24T12:35:58.600Z,62.4523381,7.6776638,874.213,50.34,-9.13,30.8,1.214,1.749,0.42,0.0,0.0,0.0,26
2023-08-24T12:35:58.800Z,62.4524289,7.6776289,868.111,50.8,-8.89,30.16,1.218,1.75,0.42,0.0,0.0,0.0,26
2023-08-24T12:35:59.000Z,62.4525204,7.6775946,862.115,51.07,-8.85,29.79,1.222,1.752,0.42,0.0,0.0,0.0,26
2023-08-24T12:35:59.200Z,62.4526124,7.6775607,856.207,51.39,-8.67,29.55,1.225,1.753,0.42,0.0,0.0,0.0,26
2023-08-24T12:35:59.400Z,62.452705,7.6775274,850.36,51.61,-8.53,29.17,1.228,1.754,0.41,0.0,0.0,0.0,26
2023-08-24T12:35:59.600Z,62.4527977,7.6774941,844.542,51.75,-8.61,28.82,1.231,1.756,0.42,0.0,0.0,0.0,26
2023-08-24T12:35:59.800Z,62.4528909,7.6774607,838.806,51.98,-8.66,28.68,1.233,1.759,0.42,0.0,0.0,0.0,26
2023-08-24T12:36:00.000Z,62.4529843,7.6774271,833.075,52.06,-8.67,28.63,1.236,1.762,0.41,0.0,0.0,0.0,26
2023-08-24T12:36:00.200Z,62.4530777,7.6773932,827.368,52.0,-8.77,28.33,1.237,1.764,0.4,0.0,0.0,0.0,26
2023-08-24T12:36:00.400Z,62.4531715,7.6773582,821.754,52.32,-9.25,27.93,1.238,1.765,0.39,0.0,0.0,0.0,26
2023-08-24T12:36:00.600Z,62.4532655,7.6773213,816.168,52.41,-9.73,27.69,1.237,1.764,0.37,0.0,0.0,0.0,26
2023-08-24T12:36:00.800Z,62.4533596,7.6772829,810.694,52.41,-10.05,26.94,1.236,1.766,0.38,0.0,0.0,0.0,26
2023-08-24T12:36:01.000Z,62.453454,7.6772431,805.393,52.76,-10.47,26.01,1.235,1.767,0.38,0.0,0.0,0.0,26
2023-08-24T12:36:01.200Z,62.4535488,7.6772021,800.248,52.88,-10.65,25.56,1.235,1.768,0.41,0.0,0.0,0.0,26
2023-08-24T12:36:01.400Z,62.4536438,7.6771608,795.139,53.01,-10.67,25.26,1.236,1.77,0.41,0.0,0.0,0.0,26
2023-08-24T12:36:01.600Z,62.4537389,7.6771199,790.113,52.99,-10.43,24.89,1.237,1.772,0.4,0.0,0.0,0.0,26
2023-08-24T12:36:01.800Z,62.4538342,7.6770792,785.15,53.13,-10.54,24.92,1.238,1.774,0.4,0.0,0.0,0.0,26
2023-08-24T12:36:02.000Z,62.4539298,7.6770386,780.309,53.34,-10.39,23.91,1.239,1.774,0.4,0.0,0.0,0.0,26
2023-08-24T12:36:02.200Z,62.4540258,7.6769988,775.596,53.52,-10.18,23.32,1.239,1.775,0.4,0.0,0.0,0.0,26
2023-08-24T12:36:02.400Z,62.4541218,7.6769594,770.962,53.43,-10.22,23.16,1.24,1.775,0.4,0.0,0.0,0.0,25
2023-08-24T12:36:02.600Z,62.4542177,7.6769203,766.342,53.5,-9.95,22.73,1.241,1.773,0.39,0.0,0.0,0.0,25
2023-08-24T12:36:02.800Z,62.4543138,7.6768823,761.863,53.49,-9.71,22.16,1.243,1.771,0.39,0.0,0.0,0.0,25
2023-08-24T12:36:03.000Z,62.4544099,7.6768447,757.396,53.62,-9.68,22.2,1.244,1.77,0.4,0.0,0.0,0.0,25
2023-08-24T12:36:03.200Z,62.4545059,7.6768072,752.89,53.45,-9.64,22.51,1.245,1.77,0.4,0.0,0.0,0.0,24
2023-08-24T12:36:03.400Z,62.4546014,7.6767705,748.267,53.13,-9.3,22.96,1.245,1.769,0.39,0.0,0.0,0.0,24
2023-08-24T12:36:03.600Z,62.4546964,7.6767342,743.561,52.85,-9.43,23.73,1.245,1.768,0.39,0.0,0.0,0.0,25
2023-08-24T12:36:03.800Z,62.4547912,7.6766977,738.799,52.75,-9.37,23.7,1.245,1.767,0.39,0.0,0.0,0.0,25
2023-08-24T12:36:04.000Z,62.4548858,7.676661,734.029,52.79,-9.5,23.72,1.246,1.767,0.39,0.0,0.0,0.0,25
2023-08-24T12:36:04.200Z,62.4549805,7.6766247,729.249,52.7,-9.22,23.92,1.246,1.768,0.4,0.0,0.0,0.0,25
2023-08-24T12:36:04.400Z,62.4550749,7.6765889,724.392,52.53,-9.18,24.33,1.246,1.769,0.39,0.0,0.0,0.0,25
2023-08-24T12:36:04.600Z,62.4551691,7.6765536,719.492,52.4,-9.07,24.58,1.246,1.768,0.38,0.0,0.0,0.0,26
2023-08-24T12:36:04.800Z,62.4552634,7.6765187,714.616,52.46,-8.92,24.43,1.245,1.767,0.38,0.0,0.0,0.0,26
2023-08-24T12:36:05.000Z,62.4553577,7.6764844,709.733,52.52,-8.77,24.49,1.245,1.766,0.37,0.0,0.0,0.0,26
2023-08-24T12:36:05.200Z,62.4554518,7.6764507,704.789,52.49,-8.64,24.56,1.244,1.765,0.36,0.0,0.0,0.0,26
2023-08-24T12:36:05.400Z,62.455546,7.676418,699.877,52.41,-8.18,24.41,1.243,1.764,0.35,0.0,0.0,0.0,26
2023-08-24T12:36:05.600Z,62.4556401,7.6763862,694.971,52.44,-8.19,24.52,1.242,1.762,0.34,0.0,0.0,0.0,26
2023-08-24T12:36:05.800Z,62.4557344,7.6763547,690.089,52.64,-8.06,24.12,1.241,1.761,0.33,0.0,0.0,0.0,26
2023-08-24T12:36:06.000Z,62.455829,7.676324,685.324,52.71,-7.81,23.63,1.238,1.759,0.31,0.0,0.0,0.0,26
2023-08-24T12:36:06.200Z,62.455924,7.6762945,680.699,53.04,-7.39,22.66,1.236,1.757,0.33,0.0,0.0,0.0,26
2023-08-24T12:36:06.400Z,62.4560193,7.6762664,676.183,52.97,-7.11,22.66,1.234,1.755,0.33,0.0,0.0,0.0,26
2023-08-24T12:36:06.600Z,62.4561145,7.6762399,671.732,53.07,-6.55,21.88,1.232,1.753,0.33,0.0,0.0,0.0,26
2023-08-24T12:36:06.800Z,62.45621,7.6762156,667.562,53.22,-5.98,20.27,1.23,1.747,0.32,0.0,0.0,0.0,26
2023-08-24T12:36:07.000Z,62.4563057,7.6761941,663.735,53.43,-5.1,18.44,1.227,1.742,0.32,0.0,0.0,0.0,25
2023-08-24T12:36:07.200Z,62.4564016,7.6761757,660.167,53.53,-4.36,17.28,1.225,1.737,0.32,0.0,0.0,0.0,25
2023-08-24T12:36:07.400Z,62.4564976,7.6761597,656.817,53.39,-3.83,16.72,1.222,1.731,0.31,0.0,0.0,0.0,25
2023-08-24T12:36:07.600Z,62.4565936,7.6761453,653.62,53.39,-3.56,15.85,1.219,1.727,0.29,0.0,0.0,0.0,25
2023-08-24T12:36:07.800Z,62.456689,7.6761326,650.655,52.82,-2.94,14.2,1.222,1.734,0.47,0.0,0.0,0.0,25
2023-08-24T12:36:08.000Z,62.4567839,7.6761223,648.082,52.77,-2.28,12.63,1.223,1.728,0.32,0.0,0.0,0.0,25
2023-08-24T12:36:08.200Z,62.4568782,7.6761151,645.831,52.28,-1.34,10.38,1.218,1.717,0.33,0.0,0.0,0.0,25
2023-08-24T12:36:08.400Z,62.4569714,7.6761109,644.114,51.37,-0.69,7.59,1.21,1.708,0.29,0.0,0.0,0.0,25
2023-08-24T12:36:08.600Z,62.4570628,7.6761091,642.947,50.22,-0.07,4.66,1.199,1.697,0.29,0.0,0.0,0.0,25
2023-08-24T12:36:08.800Z,62.4571517,7.6761099,642.389,48.55,0.53,1.87,1.188,1.685,0.29,0.0,0.0,0.0,25
2023-08-24T12:36:09.000Z,62.4572376,7.6761125,642.391,46.87,0.87,-0.86,1.178,1.674,0.32,0.0,0.0,0.0,25
2023-08-24T12:36:09.200Z,62.4573201,7.6761164,642.839,44.82,1.24,-2.76,1.168,1.659,0.3,0.0,0.0,0.0,25
2023-08-24T12:36:09.400Z,62.4573992,7.6761208,643.661,43.13,1.13,-4.87,1.159,1.645,0.33,0.0,0.0,0.0,25
2023-08-24T12:36:09.600Z,62.4574747,7.6761235,644.866,40.89,0.35,-6.57,1.151,1.635,0.32,0.0,0.0,0.0,25
2023-08-24T12:36:09.800Z,62.4575458,7.6761234,646.366,38.28,-0.33,-8.06,1.144,1.625,0.33,0.0,0.0,0.0,25
2023-08-24T12:36:10.000Z,62.4576123,7.6761221,648.09,35.83,-0.24,-9.07,1.139,1.615,0.34,0.0,0.0,0.0,25
2023-08-24T12:36:10.200Z,62.4576753,7.6761196,650.006,34.25,-0.98,-9.63,1.135,1.608,0.38,0.0,0.0,0.0,25
2023-08-24T12:36:10.400Z,62.4577349,7.6761147,651.967,32.21,-1.45,-9.79,1.131,1.603,0.39,0.0,0.0,0.0,25
2023-08-24T12:36:10.600Z,62.4577911,7.6761085,653.918,30.37,-1.71,-9.96,1.129,1.597,0.4,0.0,0.0,0.0,24
2023-08-24T12:36:10.800Z,62.4578441,7.6761016,655.847,28.7,-1.84,-9.44,1.126,1.593,0.39,0.0,0.0,0.0,24
2023-08-24T12:36:11.000Z,62.4578944,7.6760947,657.624,27.34,-1.72,-8.25,1.123,1.588,0.37,0.0,0.0,0.0,24
2023-08-24T12:36:11.200Z,62.4579428,7.6760883,659.188,26.5,-1.54,-7.31,1.12,1.581,0.37,0.0,0.0,0.0,24
2023-08-24T12:36:11.400Z,62.4579893,7.6760823,660.566,25.4,-1.51,-6.09,1.118,1.576,0.36,0.0,0.0,0.0,24
2023-08-24T12:36:11.600Z,62.4580334,7.6760755,661.731,23.76,-1.92,-5.66,1.115,1.572,0.38,0.0,0.0,0.0,23
2023-08-24T12:36:11.800Z,62.4580749,7.6760683,662.793,22.49,-1.76,-4.4,1.114,1.568,0.4,0.0,0.0,0.0,22
2023-08-24T12:36:12.000Z,62.4581142,7.6760605,663.583,21.32,-2.26,-3.68,1.114,1.569,0.43,0.0,0.0,0.0,23
2023-08-24T12:36:12.200Z,62.4581518,7.6760529,664.148,20.73,-1.74,-2.02,1.116,1.575,0.45,0.0,0.0,0.0,23
2023-08-24T12:36:12.400Z,62.4581888,7.6760452,664.387,20.65,-2.22,-0.59,1.12,1.584,0.5,0.0,0.0,0.0,23
2023-08-24T12:36:12.600Z,62.4582252,7.6760378,664.338,20.18,-1.78,0.95,1.126,1.594,0.47,0.0,0.0,0.0,23
2023-08-24T12:36:12.800Z,62.4582605,7.6760311,663.965,19.28,-1.84,2.28,1.132,1.604,0.43,0.0,0.0,0.0,23
2023-08-24T12:36:13.000Z,62.4582928,7.6760238,663.273,17.22,-2.2,4.24,1.139,1.618,0.48,0.0,0.0,0.0,23
2023-08-24T12:36:13.200Z,62.4583213,7.6760169,662.208,15.2,-1.83,6.72,1.153,1.64,0.59,0.0,0.0,0.0,23
2023-08-24T12:36:13.400Z,62.4583484,7.6760089,660.565,15.28,-2.54,9.42,1.176,1.67,0.76,0.0,0.0,0.0,23
2023-08-24T12:36:13.600Z,62.4583753,7.6760018,658.525,15.0,-1.51,9.62,1.205,1.705,0.75,0.0,0.0,0.0,23
2023-08-24T12:36:13.800Z,62.4584014,7.6759935,656.634,14.22,-2.59,8.91,1.24,1.748,0.88,0.0,0.0,0.0,23
2023-08-24T12:36:14.000Z,62.4584241,7.6759851,655.081,11.89,-2.09,7.9,1.277,1.794,0.82,0.0,0.0,0.0,23
2023-08-24T12:36:14.200Z,62.4584447,7.6759778,653.459,11.37,-1.92,8.21,1.313,1.843,0.78,0.0,0.0,0.0,23
2023-08-24T12:36:14.400Z,62.4584617,7.6759716,651.443,8.9,-2.11,10.05,1.341,1.889,0.55,0.0,0.0,0.0,23
2023-08-24T12:36:14.600Z,62.4584737,7.6759627,649.401,5.3,-2.86,10.62,1.359,1.931,0.52,0.0,0.0,0.0,23
2023-08-24T12:36:14.800Z,62.4584812,7.6759536,647.244,3.47,-1.88,9.75,1.372,1.964,0.54,0.0,0.0,0.0,21
2023-08-24T12:36:15.000Z,62.4584864,7.6759442,645.457,2.24,-2.63,8.66,1.38,1.979,0.5,0.0,0.0,0.0,23
2023-08-24T12:36:15.200Z,62.4584899,7.6759312,643.615,1.84,-4.0,8.44,1.382,1.98,0.45,0.0,0.0,0.0,23
2023-08-24T12:36:15.400Z,62.4584924,7.6759137,641.888,1.04,-4.96,8.55,1.382,1.967,0.41,0.0,0.0,0.0,23
2023-08-24T12:36:15.600Z,62.4584933,7.6758943,640.252,0.16,-5.06,8.16,1.378,1.954,0.38,0.0,0.0,0.0,24
2023-08-24T12:36:15.800Z,62.4584933,7.6758762,638.673,-0.02,-4.23,7.6,1.373,1.94,0.36,0.0,0.0,0.0,23
2023-08-24T12:36:16.000Z,62.4584932,7.6758602,637.131,0.13,-4.08,7.72,1.367,1.925,0.34,0.0,0.0,0.0,24
2023-08-24T12:36:16.200Z,62.4584941,7.6758432,635.635,0.89,-4.6,7.23,1.362,1.914,0.31,0.0,0.0,0.0,24
2023-08-24T12:36:16.400Z,62.4584961,7.675824,634.265,1.37,-5.17,6.62,1.358,1.906,0.29,0.0,0.0,0.0,24
2023-08-24T12:36:16.600Z,62.4584984,7.6758033,632.988,1.43,-5.43,6.01,1.355,1.9,0.28,0.0,0.0,0.0,24
2023-08-24T12:36:16.800Z,62.4585009,7.6757829,631.795,1.5,-5.0,5.72,1.353,1.893,0.3,0.0,0.0,0.0,24
2023-08-24T12:36:17.000Z,62.4585038,7.6757635,630.705,1.76,-4.95,5.36,1.351,1.886,0.28,0.0,0.0,0.0,24
2023-08-24T12:36:17.200Z,62.458507,7.6757445,629.697,1.96,-4.86,5.25,1.347,1.877,0.27,0.0,0.0,0.0,24
2023-08-24T12:36:17.400Z,62.4585105,7.6757245,628.664,2.18,-5.46,5.18,1.342,1.868,0.26,0.0,0.0,0.0,24
2023-08-24T12:36:17.600Z,62.4585144,7.6757017,627.587,2.44,-6.28,5.68,1.338,1.86,0.27,0.0,0.0,0.0,24
2023-08-24T12:36:17.800Z,62.4585186,7.6756764,626.471,2.55,-6.7,5.7,1.334,1.854,0.27,0.0,0.0,0.0,24
2023-08-24T12:36:18.000Z,62.4585232,7.6756493,625.301,2.89,-7.24,5.94,1.33,1.847,0.27,0.0,0.0,0.0,24
2023-08-24T12:36:18.200Z,62.4585287,7.6756209,624.161,3.24,-7.35,5.88,1.327,1.84,0.28,0.0,0.0,0.0,24
2023-08-24T12:36:18.400Z,62.4585347,7.6755923,622.998,3.26,-7.37,5.88,1.323,1.831,0.27,0.0,0.0,0.0,24
2023-08-24T12:36:18.600Z,62.4585409,7.6755628,621.913,3.38,-7.74,5.72,1.318,1.817,0.27,0.0,0.0,0.0,24
2023-08-24T12:36:18.800Z,62.4585477,7.6755316,620.825,3.95,-8.22,5.61,1.313,1.805,0.28,0.0,0.0,0.0,24
2023-08-24T12:36:19.000Z,62.4585555,7.6755,619.759,4.57,-8.02,5.36,1.31,1.796,0.29,0.0,0.0,0.0,24
2023-08-24T12:36:19.200Z,62.4585641,7.6754685,618.73,4.7,-8.17,5.16,1.308,1.793,0.3,0.0,0.0,0.0,24
2023-08-24T12:36:19.600Z,62.4585834,7.6754079,616.976,5.41,-7.72,4.28,1.31,1.795,0.39,0.0,0.0,0.0,24
2023-08-24T12:36:19.800Z,62.4585936,7.6753788,616.157,5.79,-7.23,4.2,1.312,1.797,0.4,0.0,0.0,0.0,24
2023-08-24T12:36:20.000Z,62.4586048,7.6753506,615.414,6.5,-7.21,3.64,1.314,1.801,0.42,0.0,0.0,0.0,24
2023-08-24T12:36:20.200Z,62.4586166,7.6753232,614.75,6.58,-6.92,3.43,1.315,1.803,0.41,0.0,0.0,0.0,24
2023-08-24T12:36:20.400Z,62.4586286,7.6752958,614.072,6.66,-7.2,3.51,1.316,1.806,0.41,0.0,0.0,0.0,24
2023-08-24T12:36:20.600Z,62.4586406,7.6752688,613.395,6.65,-6.75,3.46,1.317,1.809,0.4,0.0,0.0,0.0,24
2023-08-24T12:36:20.800Z,62.4586525,7.6752439,612.741,6.49,-6.09,3.3,1.317,1.81,0.4,0.0,0.0,0.0,24
2023-08-24T12:36:21.000Z,62.4586644,7.6752209,612.078,6.69,-5.72,3.59,1.317,1.809,0.4,0.0,0.0,0.0,24
2023-08-24T12:36:21.200Z,62.458677,7.6751982,611.365,7.15,-5.86,3.82,1.317,1.809,0.4,0.0,0.0,0.0,24
2023-08-24T12:36:21.400Z,62.4586901,7.6751757,610.591,7.46,-5.74,3.98,1.316,1.808,0.39,0.0,0.0,0.0,24
2023-08-24T12:36:21.600Z,62.4587036,7.6751539,609.759,7.54,-5.47,4.15,1.315,1.805,0.38,0.0,0.0,0.0,24
2023-08-24T12:36:21.800Z,62.4587171,7.6751346,608.903,7.59,-4.52,4.26,1.311,1.799,0.34,0.0,0.0,0.0,24
2023-08-24T12:36:22.000Z,62.4587309,7.6751175,607.98,7.84,-4.29,4.48,1.303,1.791,0.33,0.0,0.0,0.0,24
2023-08-24T12:36:22.200Z,62.458745,7.6751019,607.043,8.06,-3.87,4.62,1.295,1.784,0.32,0.0,0.0,0.0,24
2023-08-24T12:36:22.400Z,62.45876,7.6750876,606.081,8.73,-3.63,4.89,1.286,1.777,0.31,0.0,0.0,0.0,24
2023-08-24T12:36:22.600Z,62.4587754,7.6750745,605.054,8.7,-3.33,5.05,1.275,1.765,0.31,0.0,0.0,0.0,24
2023-08-24T12:36:22.800Z,62.4587911,7.6750632,604.013,9.17,-2.79,5.18,1.266,1.758,0.3,0.0,0.0,0.0,24
2023-08-24T12:36:23.000Z,62.4588075,7.6750536,602.906,9.42,-2.41,5.38,1.258,1.751,0.31,0.0,0.0,0.0,24
2023-08-24T12:36:23.200Z,62.458824,7.6750465,601.73,9.27,-1.54,5.7,1.247,1.743,0.29,0.0,0.0,0.0,24
2023-08-24T12:36:23.400Z,62.4588408,7.6750403,600.585,9.55,-1.78,5.56,1.238,1.736,0.29,0.0,0.0,0.0,24
2023-08-24T12:36:23.600Z,62.4588587,7.6750337,599.484,10.43,-1.6,5.6,1.23,1.728,0.3,0.0,0.0,0.0,24
2023-08-24T12:36:23.800Z,62.4588777,7.6750282,598.367,10.75,-1.26,5.63,1.222,1.719,0.3,0.0,0.0,0.0,24
2023-08-24T12:36:24.000Z,62.458897,7.675024,597.27,10.84,-0.95,5.43,1.213,1.71,0.28,0.0,0.0,0.0,24
2023-08-24T12:36:24.200Z,62.4589164,7.6750211,596.216,10.72,-0.44,5.21,1.203,1.701,0.28,0.0,0.0,0.0,24
2023-08-24T12:36:24.400Z,62.4589358,7.675019,595.199,10.98,-0.56,5.28,1.193,1.693,0.27,0.0,0.0,0.0,24
2023-08-24T12:36:24.600Z,62.4589556,7.6750169,594.183,10.97,-0.47,4.84,1.184,1.685,0.28,0.0,0.0,0.0,24
2023-08-24T12:36:24.800Z,62.4589752,7.6750151,593.275,10.98,-0.39,4.57,1.175,1.678,0.28,0.0,0.0,0.0,24
2023-08-24T12:36:25.000Z,62.458995,7.6750148,592.325,11.2,0.1,4.76,1.168,1.67,0.28,0.0,0.0,0.0,24
2023-08-24T12:36:25.200Z,62.4590152,7.6750154,591.422,11.33,0.27,4.52,1.164,1.667,0.29,0.0,0.0,0.0,24
2023-08-24T12:36:25.400Z,62.4590354,7.6750164,590.531,11.24,0.27,4.36,1.162,1.666,0.3,0.0,0.0,0.0,24
2023-08-24T12:36:25.600Z,62.4590554,7.6750174,589.642,11.05,0.17,4.13,1.156,1.664,0.29,0.0,0.0,0.0,24
2023-08-24T12:36:25.800Z,62.4590751,7.6750177,588.796,10.9,0.0,4.18,1.156,1.67,0.38,0.0,0.0,0.0,24
2023-08-24T12:36:26.000Z,62.4590945,7.6750182,588.011,10.79,0.39,4.07,1.144,1.658,0.22,0.0,0.0,0.0,24
2023-08-24T12:36:26.200Z,62.4591139,7.6750207,587.188,10.94,0.92,4.07,1.133,1.652,0.24,0.0,0.0,0.0,23
2023-08-24T12:36:26.400Z,62.4591334,7.6750251,586.385,10.95,1.37,4.09,1.124,1.644,0.25,0.0,0.0,0.0,23
2023-08-24T12:36:26.600Z,62.4591526,7.6750301,585.559,10.56,1.21,3.86,1.114,1.636,0.24,0.0,0.0,0.0,23
2023-08-24T12:36:26.800Z,62.4591714,7.6750346,584.757,10.54,1.15,3.88,1.106,1.63,0.25,0.0,0.0,0.0,23
2023-08-24T12:36:27.000Z,62.4591899,7.6750395,583.975,10.23,1.28,3.75,1.098,1.624,0.24,0.0,0.0,0.0,23
2023-08-24T12:36:27.200Z,62.4592082,7.6750452,583.182,10.32,1.61,4.03,1.092,1.621,0.26,0.0,0.0,0.0,23
2023-08-24T12:36:27.400Z,62.4592269,7.6750526,582.347,10.52,2.12,4.01,1.086,1.619,0.26,0.0,0.0,0.0,23
2023-08-24T12:36:27.600Z,62.4592453,7.6750605,581.517,10.12,1.97,4.03,1.08,1.617,0.26,0.0,0.0,0.0,23
2023-08-24T12:36:27.800Z,62.4592635,7.6750689,580.694,10.23,2.3,4.03,1.074,1.614,0.26,0.0,0.0,0.0,23
2023-08-24T12:36:28.000Z,62.4592819,7.6750775,579.896,10.26,2.22,4.03,1.068,1.61,0.26,0.0,0.0,0.0,23
2023-08-24T12:36:28.200Z,62.4592999,7.6750861,579.079,9.92,2.25,4.08,1.063,1.606,0.26,0.0,0.0,0.0,23
2023-08-24T12:36:28.400Z,62.4593178,7.6750949,578.249,9.96,2.35,4.13,1.058,1.604,0.26,0.0,0.0,0.0,23
2023-08-24T12:36:28.600Z,62.4593359,7.6751047,577.377,10.23,2.69,4.19,1.053,1.601,0.26,0.0,0.0,0.0,23
2023-08-24T12:36:28.800Z,62.4593539,7.675116,576.522,9.96,3.14,4.22,1.05,1.599,0.26,0.0,0.0,0.0,23
2023-08-24T12:36:29.000Z,62.459372,7.6751278,575.679,10.23,2.98,4.21,1.046,1.599,0.27,0.0,0.0,0.0,23
2023-08-24T12:36:29.200Z,62.4593902,7.6751395,574.891,10.04,3.12,4.16,1.043,1.597,0.27,0.0,0.0,0.0,23
2023-08-24T12:36:29.400Z,62.4594081,7.6751513,574.051,9.89,3.02,4.04,1.04,1.594,0.26,0.0,0.0,0.0,23
2023-08-24T12:36:29.600Z,62.4594257,7.6751634,573.223,9.73,3.16,4.03,1.037,1.591,0.27,0.0,0.0,0.0,23
2023-08-24T12:36:29.800Z,62.4594435,7.6751757,572.386,10.07,3.24,4.28,1.033,1.589,0.27,0.0,0.0,0.0,23
2023-08-24T12:36:30.000Z,62.4594614,7.6751894,571.547,9.97,3.9,4.22,1.03,1.584,0.26,0.0,0.0,0.0,23
2023-08-24T12:36:30.200Z,62.4594794,7.6752043,570.716,10.2,3.88,4.39,1.025,1.58,0.25,0.0,0.0,0.0,23
2023-08-24T12:36:30.400Z,62.4594973,7.6752194,569.844,9.81,3.92,4.25,1.02,1.576,0.24,0.0,0.0,0.0,23
2023-08-24T12:36:30.600Z,62.4595145,7.675234,569.048,9.43,3.74,4.0,1.015,1.57,0.23,0.0,0.0,0.0,23
2023-08-24T12:36:30.800Z,62.4595316,7.6752486,568.236,9.68,3.9,4.3,1.014,1.572,0.25,0.0,0.0,0.0,23
2023-08-24T12:36:31.000Z,62.4595488,7.6752646,567.397,9.49,4.38,4.16,1.016,1.574,0.27,0.0,0.0,0.0,23
2023-08-24T12:36:31.200Z,62.4595658,7.6752819,566.544,9.49,4.53,4.21,1.018,1.579,0.28,0.0,0.0,0.0,23
2023-08-24T12:36:31.400Z,62.4595827,7.6752987,565.68,9.35,4.17,4.21,1.022,1.585,0.31,0.0,0.0,0.0,23
2023-08-24T12:36:31.600Z,62.4596,7.675316,564.782,9.92,4.69,4.4,1.026,1.59,0.28,0.0,0.0,0.0,23
2023-08-24T12:36:31.800Z,62.4596173,7.6753348,563.875,9.37,5.06,4.29,1.03,1.594,0.28,0.0,0.0,0.0,23
2023-08-24T12:36:32.000Z,62.4596341,7.6753536,562.996,9.4,4.73,4.4,1.033,1.598,0.26,0.0,0.0,0.0,23
2023-08-24T12:36:32.200Z,62.4596509,7.6753718,562.101,9.38,4.66,4.54,1.036,1.602,0.28,0.0,0.0,0.0,23
2023-08-24T12:36:32.400Z,62.4596678,7.6753898,561.174,9.54,4.66,4.6,1.039,1.603,0.28,0.0,0.0,0.0,23
2023-08-24T12:36:32.600Z,62.4596849,7.6754087,560.267,9.62,5.14,4.58,1.042,1.604,0.27,0.0,0.0,0.0,23
2023-08-24T12:36:32.800Z,62.4597023,7.6754291,559.351,9.91,5.35,4.65,1.042,1.606,0.26,0.0,0.0,0.0,23
2023-08-24T12:36:33.000Z,62.4597194,7.6754506,558.436,9.3,5.66,4.54,1.042,1.609,0.27,0.0,0.0,0.0,22
2023-08-24T12:36:33.200Z,62.459736,7.6754725,557.519,9.28,5.54,4.35,1.041,1.612,0.28,0.0,0.0,0.0,22
2023-08-24T12:36:33.400Z,62.4597521,7.6754945,556.623,8.84,5.79,4.38,1.038,1.614,0.29,0.0,0.0,0.0,22
2023-08-24T12:36:33.600Z,62.459768,7.6755165,555.721,8.77,5.51,4.22,1.035,1.617,0.28,0.0,0.0,0.0,22
2023-08-24T12:36:33.800Z,62.4597841,7.6755379,554.885,9.14,5.56,3.97,1.036,1.62,0.3,0.0,0.0,0.0,22
2023-08-24T12:36:34.000Z,62.4598005,7.6755591,554.096,9.14,5.43,3.77,1.038,1.625,0.3,0.0,0.0,0.0,22
2023-08-24T12:36:34.200Z,62.4598171,7.6755796,553.367,9.31,5.19,3.48,1.04,1.63,0.32,0.0,0.0,0.0,22
2023-08-24T12:36:34.400Z,62.4598337,7.6755991,552.689,9.22,4.95,3.31,1.043,1.635,0.31,0.0,0.0,0.0,22
2023-08-24T12:36:34.600Z,62.4598501,7.6756175,552.023,8.96,4.61,3.11,1.045,1.639,0.31,0.0,0.0,0.0,22
2023-08-24T12:36:34.800Z,62.4598661,7.6756342,551.406,8.9,4.06,2.99,1.047,1.642,0.3,0.0,0.0,0.0,22
2023-08-24T12:36:35.000Z,62.4598821,7.675649,550.802,8.96,3.63,2.99,1.049,1.646,0.32,0.0,0.0,0.0,22
2023-08-24T12:36:35.200Z,62.4598983,7.6756619,550.153,9.08,3.07,3.24,1.051,1.647,0.3,0.0,0.0,0.0,22
2023-08-24T12:36:35.400Z,62.4599147,7.6756729,549.456,9.19,2.6,3.36,1.052,1.649,0.3,0.0,0.0,0.0,23
2023-08-24T12:36:35.600Z,62.4599311,7.675682,548.716,9.07,2.13,3.47,1.053,1.65,0.3,0.0,0.0,0.0,23
2023-08-24T12:36:35.800Z,62.4599472,7.6756892,548.01,8.97,1.66,3.73,1.053,1.65,0.28,0.0,0.0,0.0,23
2023-08-24T12:36:36.000Z,62.4599634,7.6756948,547.203,8.97,1.2,3.9,1.054,1.65,0.28,0.0,0.0,0.0,23
2023-08-24T12:36:36.200Z,62.4599795,7.6756987,546.366,9.04,0.82,4.0,1.054,1.651,0.32,0.0,0.0,0.0,23
2023-08-24T12:36:36.400Z,62.459996,7.6757013,545.523,9.23,0.48,4.02,1.055,1.65,0.34,0.0,0.0,0.0,23
2023-08-24T12:36:36.600Z,62.4600127,7.6757024,544.732,9.45,0.14,4.06,1.055,1.649,0.33,0.0,0.0,0.0,23
2023-08-24T12:36:36.800Z,62.4600294,7.6757022,543.934,9.35,-0.2,3.98,1.054,1.644,0.32,0.0,0.0,0.0,23
2023-08-24T12:36:37.000Z,62.460046,7.6757007,543.129,9.19,-0.58,4.12,1.057,1.652,0.41,0.0,0.0,0.0,23
2023-08-24T12:36:37.200Z,62.4600623,7.6756975,542.312,8.97,-1.05,4.14,1.064,1.662,0.43,0.0,0.0,0.0,23
2023-08-24T12:36:37.400Z,62.4600778,7.6756934,541.498,8.47,-0.98,3.92,1.068,1.658,0.36,0.0,0.0,0.0,23
2023-08-24T12:36:37.600Z,62.4600929,7.6756888,540.632,8.46,-1.49,4.23,1.069,1.655,0.36,0.0,0.0,0.0,23
2023-08-24T12:36:37.800Z,62.4601086,7.6756829,539.731,8.99,-1.61,4.78,1.072,1.657,0.39,0.0,0.0,0.0,23
2023-08-24T12:36:38.000Z,62.4601251,7.6756756,538.752,9.32,-2.15,4.87,1.078,1.663,0.42,0.0,0.0,0.0,23
2023-08-24T12:36:38.200Z,62.4601415,7.6756656,537.773,9.06,-2.92,4.97,1.084,1.67,0.38,0.0,0.0,0.0,23
2023-08-24T12:36:38.400Z,62.4601574,7.6756563,536.662,8.73,-1.95,5.46,1.092,1.681,0.42,0.0,0.0,0.0,23
2023-08-24T12:36:38.600Z,62.4601737,7.6756477,535.633,9.29,-2.42,5.16,1.1,1.692,0.5,0.0,0.0,0.0,23
2023-08-24T12:36:38.800Z,62.4601906,7.6756383,534.586,9.61,-2.39,5.18,1.106,1.701,0.5,0.0,0.0,0.0,23
2023-08-24T12:36:39.000Z,62.4602081,7.6756284,533.539,9.99,-2.65,5.15,1.111,1.706,0.44,0.0,0.0,0.0,23
2023-08-24T12:36:39.200Z,62.460226,7.6756193,532.768,10.35,-1.68,4.91,1.115,1.714,0.31,0.0,0.0,0.0,23
2023-08-24T12:36:39.400Z,62.4602445,7.6756123,531.802,10.37,-1.89,5.02,1.12,1.725,0.37,0.0,0.0,0.0,23
2023-08-24T12:36:39.600Z,62.4602627,7.6756054,530.8,10.01,-1.74,4.8,1.124,1.732,0.37,0.0,0.0,0.0,23
2023-08-24T12:36:39.800Z,62.4602806,7.6755987,529.786,10.04,-1.8,4.82,1.129,1.74,0.41,0.0,0.0,0.0,23
2023-08-24T12:36:40.000Z,62.460299,7.6755917,528.769,10.43,-1.8,4.75,1.134,1.746,0.41,0.0,0.0,0.0,22
2023-08-24T12:36:40.200Z,62.460318,7.6755856,527.708,10.92,-1.41,4.79,1.136,1.743,0.34,0.0,0.0,0.0,22
2023-08-24T12:36:40.400Z,62.4603375,7.675581,526.716,11.14,-1.12,4.54,1.135,1.733,0.36,0.0,0.0,0.0,22
2023-08-24T12:36:40.600Z,62.4603572,7.6755773,525.689,11.06,-1.04,4.32,1.131,1.725,0.34,0.0,0.0,0.0,21
2023-08-24T12:36:40.800Z,62.4603768,7.675574,524.833,10.81,-0.76,4.0,1.128,1.718,0.34,0.0,0.0,0.0,21
2023-08-24T12:36:41.000Z,62.460396,7.6755716,523.999,10.55,-0.61,3.87,1.123,1.71,0.33,0.0,0.0,0.0,21
2023-08-24T12:36:41.200Z,62.4604149,7.6755699,523.19,10.66,-0.37,3.76,1.12,1.703,0.32,0.0,0.0,0.0,21
2023-08-24T12:36:41.400Z,62.460434,7.6755691,522.409,10.82,-0.19,3.64,1.116,1.696,0.31,0.0,0.0,0.0,21
2023-08-24T12:36:41.600Z,62.4604535,7.6755679,521.753,11.02,-0.42,3.45,1.114,1.687,0.33,0.0,0.0,0.0,21
2023-08-24T12:36:41.800Z,62.460473,7.6755673,521.029,10.55,0.24,3.34,1.109,1.679,0.28,0.0,0.0,0.0,21
2023-08-24T12:36:42.000Z,62.4604918,7.6755679,520.393,10.38,0.24,3.37,1.104,1.674,0.28,0.0,0.0,0.0,21
2023-08-24T12:36:42.200Z,62.4605104,7.675569,519.7,10.3,0.45,3.39,1.099,1.667,0.27,0.0,0.0,0.0,21
2023-08-24T12:36:42.400Z,62.460529,7.6755706,519.017,10.36,0.48,3.37,1.092,1.661,0.26,0.0,0.0,0.0,21
2023-08-24T12:36:42.600Z,62.4605478,7.6755723,518.352,10.38,0.66,3.49,1.087,1.656,0.27,0.0,0.0,0.0,21
2023-08-24T12:36:42.800Z,62.4605658,7.6755751,517.741,9.57,0.9,3.05,1.085,1.654,0.29,0.0,0.0,0.0,21
2023-08-24T12:36:43.000Z,62.4605831,7.6755779,517.159,9.75,0.68,3.43,1.086,1.653,0.33,0.0,0.0,0.0,21
2023-08-24T12:36:43.200Z,62.4606008,7.6755802,516.467,9.98,0.57,3.4,1.088,1.651,0.37,0.0,0.0,0.0,21
2023-08-24T12:36:43.400Z,62.4606188,7.675583,515.778,9.99,0.9,3.33,1.092,1.65,0.39,0.0,0.0,0.0,21
2023-08-24T12:36:43.600Z,62.4606367,7.6755863,515.108,9.93,0.85,3.58,1.096,1.65,0.36,0.0,0.0,0.0,21
2023-08-24T12:36:43.800Z,62.4606545,7.6755897,514.382,9.9,0.96,3.72,1.099,1.651,0.34,0.0,0.0,0.0,21
2023-08-24T12:36:44.000Z,62.4606724,7.6755937,513.6,9.92,1.03,3.76,1.102,1.651,0.37,0.0,0.0,0.0,21
2023-08-24T12:36:44.200Z,62.4606901,7.675598,512.896,9.8,1.19,3.75,1.106,1.654,0.36,0.0,0.0,0.0,22
2023-08-24T12:36:44.400Z,62.4607077,7.6756025,512.169,9.81,1.19,3.73,1.108,1.655,0.34,0.0,0.0,0.0,22
2023-08-24T12:36:44.600Z,62.4607254,7.6756071,511.411,9.73,1.17,3.72,1.107,1.654,0.33,0.0,0.0,0.0,22
2023-08-24T12:36:44.800Z,62.460743,7.6756114,510.661,9.85,0.99,3.73,1.106,1.65,0.34,0.0,0.0,0.0,22
2023-08-24T12:36:45.000Z,62.4607609,7.6756155,509.859,9.99,1.01,3.69,1.106,1.647,0.36,0.0,0.0,0.0,22
2023-08-24T12:36:45.200Z,62.4607787,7.6756197,509.099,9.75,1.04,3.74,1.106,1.644,0.36,0.0,0.0,0.0,22
2023-08-24T12:36:45.400Z,62.460796,7.6756237,508.377,9.54,1.0,3.56,1.108,1.646,0.36,0.0,0.0,0.0,22
2023-08-24T12:36:45.600Z,62.4608132,7.6756273,507.691,9.6,0.83,3.37,1.11,1.648,0.37,0.0,0.0,0.0,22
2023-08-24T12:36:45.800Z,62.4608305,7.6756301,507.033,9.63,0.6,3.27,1.113,1.651,0.38,0.0,0.0,0.0,22
2023-08-24T12:36:46.000Z,62.4608477,7.6756318,506.417,9.54,0.33,3.09,1.116,1.655,0.38,0.0,0.0,0.0,22
2023-08-24T12:36:46.200Z,62.4608648,7.675633,505.801,9.52,0.25,3.07,1.119,1.66,0.39,0.0,0.0,0.0,22
2023-08-24T12:36:46.400Z,62.460882,7.6756334,505.203,9.56,0.0,3.13,1.122,1.666,0.37,0.0,0.0,0.0,22
2023-08-24T12:36:46.600Z,62.4608989,7.6756331,504.613,9.35,-0.14,3.15,1.126,1.672,0.39,0.0,0.0,0.0,22
2023-08-24T12:36:46.800Z,62.4609157,7.675632,503.999,9.29,-0.39,3.08,1.129,1.678,0.39,0.0,0.0,0.0,22
2023-08-24T12:36:47.000Z,62.4609324,7.6756297,503.38,9.27,-0.77,3.11,1.132,1.684,0.38,0.0,0.0,0.0,22
2023-08-24T12:36:47.200Z,62.4609489,7.6756265,502.732,9.05,-0.89,3.23,1.135,1.689,0.37,0.0,0.0,0.0,22
2023-08-24T12:36:47.400Z,62.4609654,7.6756225,502.087,9.19,-1.17,3.34,1.137,1.693,0.36,0.0,0.0,0.0,22
2023-08-24T12:36:47.600Z,62.460982,7.6756173,501.424,9.28,-1.46,3.41,1.138,1.697,0.36,0.0,0.0,0.0,22
2023-08-24T12:36:47.800Z,62.4609986,7.6756115,500.723,9.07,-1.57,3.48,1.14,1.7,0.36,0.0,0.0,0.0,22
2023-08-24T12:36:48.000Z,62.4610148,7.675605,500.043,9.02,-1.71,3.57,1.142,1.704,0.36,0.0,0.0,0.0,22
2023-08-24T12:36:48.200Z,62.4610309,7.6755982,499.347,8.96,-1.81,3.67,1.144,1.706,0.35,0.0,0.0,0.0,22
2023-08-24T12:36:48.400Z,62.461047,7.6755906,498.666,9.01,-2.03,3.64,1.145,1.708,0.35,0.0,0.0,0.0,22
2023-08-24T12:36:48.600Z,62.4610633,7.6755825,497.921,8.97,-2.11,3.59,1.147,1.71,0.35,0.0,0.0,0.0,21
2023-08-24T12:36:48.800Z,62.4610795,7.6755738,497.22,9.08,-2.33,3.47,1.149,1.713,0.36,0.0,0.0,0.0,20
2023-08-24T12:36:49.000Z,62.4610959,7.6755644,496.543,9.14,-2.51,3.49,1.151,1.714,0.36,0.0,0.0,0.0,20
2023-08-24T12:36:49.200Z,62.4611123,7.6755544,495.838,8.9,-2.61,3.29,1.153,1.715,0.37,0.0,0.0,0.0,19
2023-08-24T12:36:49.400Z,62.4611283,7.6755438,495.188,8.91,-2.81,3.23,1.155,1.716,0.38,0.0,0.0,0.0,19
2023-08-24T12:36:49.600Z,62.4611443,7.6755323,494.53,8.83,-3.06,3.14,1.156,1.717,0.34,0.0,0.0,0.0,20
2023-08-24T12:36:49.800Z,62.4611599,7.6755201,493.863,8.56,-3.22,3.29,1.157,1.717,0.35,0.0,0.0,0.0,19
2023-08-24T12:36:50.000Z,62.4611755,7.6755073,493.153,8.68,-3.39,3.42,1.158,1.718,0.36,0.0,0.0,0.0,19
2023-08-24T12:36:50.200Z,62.4611914,7.6754938,492.445,8.88,-3.53,3.51,1.16,1.72,0.37,0.0,0.0,0.0,19
2023-08-24T12:36:50.400Z,62.4612072,7.6754797,491.755,8.72,-3.68,3.44,1.162,1.722,0.37,0.0,0.0,0.0,19
2023-08-24T12:36:50.600Z,62.4612228,7.6754652,491.101,8.69,-3.71,3.29,1.165,1.724,0.38,0.0,0.0,0.0,19
2023-08-24T12:36:50.800Z,62.4612384,7.6754506,490.449,8.68,-3.82,3.23,1.167,1.725,0.37,0.0,0.0,0.0,19
2023-08-24T12:36:51.000Z,62.461254,7.6754359,489.744,8.65,-3.78,3.37,1.169,1.726,0.39,0.0,0.0,0.0,19
2023-08-24T12:36:51.200Z,62.4612696,7.6754211,489.071,8.67,-3.82,3.32,1.172,1.73,0.39,0.0,0.0,0.0,19
2023-08-24T12:36:51.400Z,62.4612852,7.6754059,488.433,8.73,-3.96,3.26,1.175,1.733,0.39,0.0,0.0,0.0,19
2023-08-24T12:36:51.600Z,62.4613008,7.6753905,487.798,8.72,-3.96,3.14,1.178,1.737,0.39,0.0,0.0,0.0,19
2023-08-24T12:36:51.800Z,62.4613162,7.6753754,487.214,8.47,-3.82,2.98,1.18,1.739,0.38,0.0,0.0,0.0,19
2023-08-24T12:36:52.000Z,62.4613313,7.6753603,486.643,8.43,-3.89,2.95,1.183,1.742,0.4,0.0,0.0,0.0,19
2023-08-24T12:36:52.200Z,62.4613464,7.675345,486.112,8.46,-3.88,2.97,1.185,1.745,0.39,0.0,0.0,0.0,19
2023-08-24T12:36:52.400Z,62.4613615,7.6753298,485.522,8.3,-3.88,2.93,1.188,1.748,0.4,0.0,0.0,0.0,19
2023-08-24T12:36:52.600Z,62.4613764,7.6753143,484.918,8.19,-4.04,2.9,1.191,1.748,0.39,0.0,0.0,0.0,19
2023-08-24T12:36:52.800Z,62.4613911,7.6752985,484.326,8.21,-4.05,3.04,1.194,1.751,0.39,0.0,0.0,0.0,19
2023-08-24T12:36:53.000Z,62.4614058,7.675283,483.706,8.01,-3.85,2.95,1.195,1.753,0.37,0.0,0.0,0.0,19
2023-08-24T12:36:53.200Z,62.4614201,7.6752682,483.083,7.9,-3.75,3.11,1.197,1.755,0.37,0.0,0.0,0.0,19
2023-08-24T12:36:53.400Z,62.4614343,7.6752535,482.446,7.92,-3.73,3.3,1.198,1.758,0.37,0.0,0.0,0.0,19
2023-08-24T12:36:53.600Z,62.4614488,7.6752387,481.755,8.1,-3.86,3.51,1.199,1.76,0.37,0.0,0.0,0.0,19
2023-08-24T12:36:53.800Z,62.4614635,7.6752235,481.042,8.26,-3.87,3.63,1.201,1.763,0.37,0.0,0.0,0.0,19
2023-08-24T12:36:54.000Z,62.4614784,7.6752086,480.307,8.3,-3.73,3.65,1.202,1.765,0.37,0.0,0.0,0.0,19
2023-08-24T12:36:54.200Z,62.4614933,7.6751944,479.559,8.19,-3.54,3.63,1.204,1.767,0.37,0.0,0.0,0.0,19
2023-08-24T12:36:54.400Z,62.4615079,7.6751809,478.848,8.04,-3.35,3.55,1.205,1.77,0.37,0.0,0.0,0.0,19
2023-08-24T12:36:54.600Z,62.4615225,7.6751679,478.157,8.26,-3.33,3.52,1.207,1.773,0.39,0.0,0.0,0.0,18
2023-08-24T12:36:54.800Z,62.4615375,7.6751547,477.458,8.47,-3.38,3.45,1.21,1.78,0.41,0.0,0.0,0.0,19
2023-08-24T12:36:55.000Z,62.4615527,7.6751415,476.761,8.45,-3.4,3.43,1.214,1.786,0.41,0.0,0.0,0.0,19
2023-08-24T12:36:55.200Z,62.4615676,7.6751285,476.107,8.13,-3.22,3.08,1.219,1.793,0.44,0.0,0.0,0.0,19
2023-08-24T12:36:55.400Z,62.4615822,7.6751158,475.423,8.24,-3.3,3.51,1.224,1.803,0.44,0.0,0.0,0.0,19
2023-08-24T12:36:55.600Z,62.4615971,7.6751029,474.697,8.34,-3.34,3.68,1.232,1.816,0.47,0.0,0.0,0.0,19
2023-08-24T12:36:55.800Z,62.4616123,7.6750898,473.98,8.66,-3.33,3.78,1.241,1.831,0.48,0.0,0.0,0.0,19
2023-08-24T12:36:56.000Z,62.4616277,7.6750768,473.259,8.66,-3.28,3.88,1.25,1.845,0.47,0.0,0.0,0.0,19
2023-08-24T12:36:56.200Z,62.4616433,7.6750646,472.49,8.83,-3.0,4.03,1.258,1.859,0.44,0.0,0.0,0.0,19
2023-08-24T12:36:56.400Z,62.4616594,7.6750527,471.707,9.11,-3.02,4.01,1.264,1.871,0.43,0.0,0.0,0.0,19
2023-08-24T12:36:56.600Z,62.4616755,7.6750413,470.97,9.16,-2.78,4.03,1.269,1.882,0.4,0.0,0.0,0.0,19
2023-08-24T12:36:56.800Z,62.4616919,7.6750306,470.21,9.18,-2.67,3.87,1.273,1.894,0.41,0.0,0.0,0.0,19
2023-08-24T12:36:57.000Z,62.4617086,7.6750206,469.438,9.47,-2.44,3.72,1.276,1.903,0.4,0.0,0.0,0.0,19
2023-08-24T12:36:57.200Z,62.4617257,7.6750111,468.72,9.62,-2.37,3.6,1.279,1.913,0.4,0.0,0.0,0.0,19
2023-08-24T12:36:57.400Z,62.4617425,7.6750022,468.07,9.25,-2.16,3.36,1.282,1.922,0.41,0.0,0.0,0.0,19
2023-08-24T12:36:57.600Z,62.4617591,7.6749939,467.453,9.32,-2.03,3.18,1.286,1.932,0.41,0.0,0.0,0.0,18
2023-08-24T12:36:57.800Z,62.4617759,7.6749861,466.862,9.47,-1.91,3.03,1.289,1.941,0.41,0.0,0.0,0.0,18
2023-08-24T12:36:58.000Z,62.4617929,7.6749787,466.286,9.48,-1.83,2.8,1.293,1.952,0.42,0.0,0.0,0.0,17
2023-08-24T12:36:58.200Z,62.46181,7.6749716,465.771,9.47,-1.73,2.6,1.297,1.963,0.41,0.0,0.0,0.0,17
2023-08-24T12:36:58.400Z,62.4618267,7.674965,465.212,9.09,-1.64,2.5,1.301,1.974,0.43,0.0,0.0,0.0,17
2023-08-24T12:36:58.600Z,62.461843,7.6749588,464.745,9.1,-1.49,2.45,1.306,1.985,0.43,0.0,0.0,0.0,17
2023-08-24T12:36:58.800Z,62.4618592,7.6749529,464.263,8.95,-1.46,2.44,1.31,1.995,0.41,0.0,0.0,0.0,18
2023-08-24T12:36:59.000Z,62.4618751,7.6749471,463.81,8.87,-1.44,2.49,1.314,2.006,0.41,0.0,0.0,0.0,17
2023-08-24T12:36:59.200Z,62.461891,7.6749414,463.332,8.85,-1.44,2.46,1.318,2.016,0.41,0.0,0.0,0.0,17
2023-08-24T12:36:59.400Z,62.4619069,7.6749356,462.827,8.82,-1.5,2.51,1.321,2.024,0.41,0.0,0.0,0.0,17
2023-08-24T12:36:59.600Z,62.4619227,7.6749297,462.265,8.64,-1.52,2.69,1.325,2.032,0.41,0.0,0.0,0.0,17
2023-08-24T12:36:59.800Z,62.4619383,7.6749234,461.678,8.58,-1.69,2.8,1.328,2.038,0.4,0.0,0.0,0.0,16
2023-08-24T12:37:00.000Z,62.4619537,7.6749166,461.142,8.59,-1.71,2.89,1.331,2.044,0.4,0.0,0.0,0.0,16
2023-08-24T12:37:00.200Z,62.461969,7.6749099,460.549,8.37,-1.72,2.96,1.333,2.051,0.39,0.0,0.0,0.0,16
2023-08-24T12:37:00.400Z,62.4619842,7.6749027,459.957,8.48,-1.92,3.06,1.335,2.057,0.39,0.0,0.0,0.0,16
2023-08-24T12:37:00.600Z,62.4619995,7.6748949,459.323,8.52,-2.04,3.13,1.337,2.063,0.39,0.0,0.0,0.0,16
2023-08-24T12:37:00.800Z,62.4620147,7.6748865,458.724,8.43,-2.19,3.15,1.339,2.067,0.39,0.0,0.0,0.0,16
2023-08-24T12:37:01.000Z,62.4620297,7.6748779,458.13,8.32,-2.13,3.25,1.34,2.069,0.38,0.0,0.0,0.0,16
2023-08-24T12:37:01.200Z,62.4620447,7.6748693,457.489,8.3,-2.26,3.21,1.341,2.073,0.38,0.0,0.0,0.0,16
2023-08-24T12:37:01.400Z,62.4620597,7.67486,456.811,8.34,-2.45,3.41,1.342,2.075,0.38,0.0,0.0,0.0,16
2023-08-24T12:37:01.600Z,62.4620752,7.6748498,456.075,8.64,-2.76,3.44,1.342,2.075,0.37,0.0,0.0,0.0,16
2023-08-24T12:37:01.800Z,62.4620905,7.6748384,455.392,8.39,-2.99,3.43,1.341,2.075,0.36,0.0,0.0,0.0,16
2023-08-24T12:37:02.000Z,62.4621059,7.6748268,454.607,8.49,-2.96,3.56,1.341,2.075,0.39,0.0,0.0,0.0,16
2023-08-24T12:37:02.200Z,62.4621214,7.674815,453.822,8.5,-3.09,3.67,1.34,2.073,0.37,0.0,0.0,0.0,16
2023-08-24T12:37:02.400Z,62.4621366,7.6748027,453.05,8.31,-3.2,3.73,1.339,2.071,0.37,0.0,0.0,0.0,16
2023-08-24T12:37:02.600Z,62.4621519,7.6747897,452.237,8.56,-3.41,3.75,1.337,2.068,0.37,0.0,0.0,0.0,16
2023-08-24T12:37:02.800Z,62.4621676,7.6747759,451.455,8.75,-3.64,3.81,1.336,2.066,0.37,0.0,0.0,0.0,16
2023-08-24T12:37:03.000Z,62.4621832,7.6747611,450.749,8.75,-3.93,3.8,1.336,2.065,0.38,0.0,0.0,0.0,16
2023-08-24T12:37:03.200Z,62.4621988,7.6747458,450.074,8.73,-3.85,3.63,1.335,2.064,0.38,0.0,0.0,0.0,16
2023-08-24T12:37:03.400Z,62.4622143,7.674731,449.335,8.54,-3.75,3.6,1.335,2.061,0.39,0.0,0.0,0.0,16
2023-08-24T12:37:03.600Z,62.4622296,7.6747163,448.618,8.56,-3.76,3.7,1.336,2.06,0.39,0.0,0.0,0.0,16
2023-08-24T12:37:03.800Z,62.4622448,7.6747013,447.927,8.5,-3.92,3.53,1.337,2.062,0.39,0.0,0.0,0.0,16
2023-08-24T12:37:04.000Z,62.4622604,7.6746861,447.207,8.76,-3.9,3.51,1.338,2.064,0.39,0.0,0.0,0.0,16
2023-08-24T12:37:04.200Z,62.4622759,7.6746707,446.539,8.68,-3.95,3.49,1.339,2.065,0.39,0.0,0.0,0.0,16
2023-08-24T12:37:04.400Z,62.4622915,7.6746558,445.843,8.68,-3.69,3.44,1.341,2.068,0.4,0.0,0.0,0.0,16
2023-08-24T12:37:04.600Z,62.4623069,7.6746414,445.17,8.59,-3.71,3.43,1.342,2.071,0.4,0.0,0.0,0.0,16
2023-08-24T12:37:04.800Z,62.4623222,7.6746271,444.488,8.53,-3.62,3.43,1.343,2.072,0.39,0.0,0.0,0.0,16
2023-08-24T12:37:05.000Z,62.4623377,7.6746131,443.807,8.67,-3.57,3.4,1.344,2.074,0.39,0.0,0.0,0.0,16
2023-08-24T12:37:05.200Z,62.4623533,7.6745994,443.117,8.74,-3.45,3.54,1.345,2.076,0.39,0.0,0.0,0.0,16
2023-08-24T12:37:05.400Z,62.4623691,7.674586,442.422,8.94,-3.39,3.54,1.347,2.08,0.4,0.0,0.0,0.0,16
2023-08-24T12:37:05.600Z,62.4623854,7.6745726,441.688,9.08,-3.43,3.43,1.347,2.08,0.4,0.0,0.0,0.0,16
2023-08-24T12:37:05.800Z,62.4624015,7.6745596,441.028,8.92,-3.22,3.47,1.344,2.079,0.36,0.0,0.0,0.0,16
2023-08-24T12:37:06.000Z,62.4624176,7.6745469,440.32,8.92,-3.24,3.46,1.34,2.076,0.36,0.0,0.0,0.0,16
2023-08-24T12:37:06.200Z,62.4624337,7.6745345,439.593,8.92,-3.12,3.47,1.338,2.072,0.37,0.0,0.0,0.0,16
2023-08-24T12:37:06.400Z,62.4624497,7.6745225,438.913,8.91,-2.98,3.32,1.335,2.069,0.37,0.0,0.0,0.0,16
2023-08-24T12:37:06.600Z,62.4624659,7.6745109,438.231,9.07,-2.97,3.39,1.333,2.068,0.37,0.0,0.0,0.0,16
2023-08-24T12:37:06.800Z,62.4624823,7.6744994,437.547,9.21,-2.94,3.43,1.332,2.067,0.37,0.0,0.0,0.0,16
2023-08-24T12:37:07.000Z,62.4624988,7.6744882,436.846,9.13,-2.81,3.37,1.33,2.065,0.38,0.0,0.0,0.0,16
2023-08-24T12:37:07.200Z,62.4625152,7.6744774,436.146,9.11,-2.76,3.5,1.329,2.067,0.38,0.0,0.0,0.0,16
2023-08-24T12:37:07.400Z,62.4625315,7.6744669,435.434,9.07,-2.61,3.63,1.328,2.065,0.36,0.0,0.0,0.0,16
2023-08-24T12:37:07.600Z,62.4625478,7.6744569,434.717,9.08,-2.52,3.55,1.327,2.064,0.37,0.0,0.0,0.0,16
2023-08-24T12:37:07.800Z,62.4625641,7.6744473,434.017,9.13,-2.35,3.76,1.326,2.064,0.39,0.0,0.0,0.0,16
2023-08-24T12:37:08.000Z,62.4625807,7.6744383,433.256,9.36,-2.26,3.79,1.328,2.067,0.39,0.0,0.0,0.0,16
2023-08-24T12:37:08.200Z,62.4625975,7.6744294,432.491,9.34,-2.32,3.84,1.329,2.07,0.38,0.0,0.0,0.0,16
2023-08-24T12:37:08.400Z,62.4626139,7.6744208,431.745,9.04,-2.09,4.03,1.33,2.073,0.38,0.0,0.0,0.0,16
2023-08-24T12:37:08.600Z,62.4626305,7.6744126,430.89,9.27,-2.2,3.99,1.33,2.074,0.36,0.0,0.0,0.0,16
2023-08-24T12:37:08.800Z,62.4626471,7.6744045,430.083,9.38,-1.99,4.13,1.329,2.074,0.34,0.0,0.0,0.0,16
2023-08-24T12:37:09.000Z,62.462664,7.6743966,429.198,9.36,-2.16,4.2,1.327,2.076,0.34,0.0,0.0,0.0,16
2023-08-24T12:37:09.200Z,62.462681,7.6743885,428.393,9.65,-2.04,4.09,1.326,2.077,0.34,0.0,0.0,0.0,17
2023-08-24T12:37:09.400Z,62.4626983,7.6743806,427.594,9.67,-2.0,4.07,1.325,2.081,0.35,0.0,0.0,0.0,16
2023-08-24T12:37:09.600Z,62.4627156,7.6743729,426.778,9.66,-1.97,4.12,1.325,2.084,0.35,0.0,0.0,0.0,17
2023-08-24T12:37:09.800Z,62.4627329,7.6743653,425.97,9.69,-1.91,4.1,1.325,2.086,0.35,0.0,0.0,0.0,17
2023-08-24T12:37:10.000Z,62.46275,7.6743578,425.196,9.54,-1.89,4.04,1.323,2.085,0.33,0.0,0.0,0.0,17
2023-08-24T12:37:10.200Z,62.462767,7.6743504,424.44,9.59,-1.87,3.98,1.327,2.096,0.49,0.0,0.0,0.0,17
2023-08-24T12:37:10.400Z,62.4627843,7.6743432,423.71,9.83,-1.76,3.77,1.329,2.095,0.32,0.0,0.0,0.0,17
2023-08-24T12:37:10.600Z,62.4628017,7.6743362,423.036,9.81,-1.76,3.61,1.324,2.09,0.31,0.0,0.0,0.0,17
2023-08-24T12:37:10.800Z,62.4628193,7.6743295,422.315,9.83,-1.68,3.43,1.318,2.086,0.31,0.0,0.0,0.0,16
2023-08-24T12:37:11.000Z,62.4628367,7.6743228,421.652,9.57,-1.7,3.27,1.314,2.084,0.34,0.0,0.0,0.0,16
2023-08-24T12:37:11.200Z,62.4628536,7.6743165,420.999,9.42,-1.54,3.26,1.311,2.083,0.34,0.0,0.0,0.0,16
2023-08-24T12:37:11.400Z,62.4628705,7.6743105,420.353,9.41,-1.56,3.19,1.31,2.085,0.36,0.0,0.0,0.0,16
2023-08-24T12:37:11.600Z,62.4628872,7.6743042,419.677,9.32,-1.72,3.2,1.309,2.087,0.36,0.0,0.0,0.0,16
2023-08-24T12:37:11.800Z,62.4629038,7.6742977,419.067,9.32,-1.63,3.15,1.308,2.089,0.36,0.0,0.0,0.0,16
2023-08-24T12:37:12.000Z,62.4629203,7.6742913,418.433,9.13,-1.71,3.08,1.308,2.093,0.37,0.0,0.0,0.0,16
2023-08-24T12:37:12.200Z,62.4629366,7.6742845,417.822,9.12,-1.85,3.06,1.307,2.096,0.35,0.0,0.0,0.0,16
2023-08-24T12:37:12.400Z,62.4629527,7.6742772,417.195,8.92,-1.95,3.05,1.307,2.1,0.35,0.0,0.0,0.0,16
2023-08-24T12:37:12.600Z,62.4629685,7.6742697,416.557,8.83,-1.97,3.17,1.306,2.104,0.35,0.0,0.0,0.0,16
2023-08-24T12:37:12.800Z,62.4629843,7.6742621,415.893,8.92,-2.01,3.37,1.306,2.109,0.35,0.0,0.0,0.0,16
2023-08-24T12:37:13.000Z,62.4630002,7.6742542,415.19,8.81,-2.11,3.37,1.306,2.111,0.35,0.0,0.0,0.0,16
2023-08-24T12:37:13.200Z,62.463016,7.674246,414.468,8.8,-2.18,3.47,1.305,2.113,0.35,0.0,0.0,0.0,16
2023-08-24T12:37:13.400Z,62.4630316,7.6742373,413.783,8.78,-2.29,3.62,1.303,2.116,0.34,0.0,0.0,0.0,16
2023-08-24T12:37:13.600Z,62.4630471,7.6742284,413.066,8.69,-2.3,3.8,1.3,2.118,0.34,0.0,0.0,0.0,16
2023-08-24T12:37:13.800Z,62.4630628,7.6742193,412.284,8.81,-2.42,3.87,1.298,2.119,0.35,0.0,0.0,0.0,16
2023-08-24T12:37:14.000Z,62.4630785,7.6742103,411.463,8.65,-2.3,3.96,1.296,2.117,0.34,0.0,0.0,0.0,16
2023-08-24T12:37:14.200Z,62.4630941,7.674201,410.622,8.74,-2.51,4.25,1.294,2.117,0.34,0.0,0.0,0.0,16
2023-08-24T12:37:14.400Z,62.4631098,7.6741912,409.716,8.79,-2.55,4.4,1.294,2.116,0.36,0.0,0.0,0.0,16
2023-08-24T12:37:14.600Z,62.4631258,7.6741812,408.821,8.97,-2.62,4.36,1.295,2.117,0.36,0.0,0.0,0.0,16
2023-08-24T12:37:14.800Z,62.4631415,7.6741711,407.984,8.79,-2.6,4.37,1.296,2.122,0.37,0.0,0.0,0.0,16
2023-08-24T12:37:15.000Z,62.4631572,7.6741606,407.169,8.83,-2.79,4.29,1.298,2.127,0.36,0.0,0.0,0.0,16
2023-08-24T12:37:15.200Z,62.4631726,7.6741497,406.343,8.58,-2.86,4.32,1.298,2.132,0.35,0.0,0.0,0.0,16
2023-08-24T12:37:15.400Z,62.4631879,7.6741386,405.53,8.66,-2.8,4.19,1.296,2.134,0.32,0.0,0.0,0.0,17
2023-08-24T12:37:15.600Z,62.4632035,7.6741275,404.682,8.64,-2.95,4.11,1.293,2.136,0.32,0.0,0.0,0.0,16
2023-08-24T12:37:15.800Z,62.4632189,7.674116,403.938,8.72,-2.98,3.9,1.291,2.138,0.33,0.0,0.0,0.0,16
2023-08-24T12:37:16.000Z,62.4632343,7.6741039,403.201,8.56,-3.21,3.77,1.29,2.141,0.35,0.0,0.0,0.0,16
2023-08-24T12:37:16.200Z,62.4632496,7.6740915,402.476,8.55,-3.23,3.56,1.291,2.146,0.37,0.0,0.0,0.0,16
2023-08-24T12:37:16.400Z,62.4632648,7.6740785,401.776,8.4,-3.43,3.49,1.293,2.151,0.38,0.0,0.0,0.0,16
2023-08-24T12:37:16.600Z,62.4632799,7.6740648,401.086,8.43,-3.65,3.38,1.295,2.159,0.39,0.0,0.0,0.0,16
2023-08-24T12:37:16.800Z,62.463295,7.6740507,400.376,8.37,-3.65,3.31,1.298,2.166,0.39,0.0,0.0,0.0,16
2023-08-24T12:37:17.000Z,62.4633101,7.6740364,399.733,8.42,-3.73,3.2,1.3,2.174,0.38,0.0,0.0,0.0,16
2023-08-24T12:37:17.200Z,62.4633248,7.6740221,399.125,8.24,-3.73,3.12,1.299,2.178,0.33,0.0,0.0,0.0,16
2023-08-24T12:37:17.400Z,62.4633392,7.6740072,398.472,7.88,-4.03,3.13,1.296,2.182,0.33,0.0,0.0,0.0,16
2023-08-24T12:37:17.600Z,62.463353,7.6739917,397.869,7.68,-4.05,3.04,1.293,2.188,0.33,0.0,0.0,0.0,16
2023-08-24T12:37:17.800Z,62.4633667,7.6739759,397.301,7.8,-4.14,3.2,1.291,2.193,0.34,0.0,0.0,0.0,16
2023-08-24T12:37:18.000Z,62.4633805,7.6739611,396.71,7.61,-3.62,2.83,1.29,2.199,0.34,0.0,0.0,0.0,15
2023-08-24T12:37:18.200Z,62.4633944,7.6739464,396.159,7.97,-3.93,3.06,1.291,2.205,0.38,0.0,0.0,0.0,15
2023-08-24T12:37:18.400Z,62.4634085,7.6739318,395.524,7.82,-3.68,3.17,1.294,2.213,0.39,0.0,0.0,0.0,15
2023-08-24T12:37:18.600Z,62.4634227,7.6739177,394.902,8.0,-3.61,3.27,1.297,2.222,0.39,0.0,0.0,0.0,15
2023-08-24T12:37:18.800Z,62.4634366,7.6739041,394.26,7.67,-3.43,3.32,1.3,2.231,0.39,0.0,0.0,0.0,15
2023-08-24T12:37:19.000Z,62.4634504,7.6738911,393.62,7.99,-3.33,3.63,1.303,2.238,0.38,0.0,0.0,0.0,16
2023-08-24T12:37:19.200Z,62.4634642,7.6738782,392.951,7.92,-3.4,3.88,1.307,2.246,0.41,0.0,0.0,0.0,16
2023-08-24T12:37:19.400Z,62.4634787,7.6738655,392.21,8.42,-3.17,3.97,1.311,2.255,0.42,0.0,0.0,0.0,16
2023-08-24T12:37:19.600Z,62.4634937,7.6738531,391.415,8.38,-3.2,4.13,1.318,2.266,0.46,0.0,0.0,0.0,15
2023-08-24T12:37:19.800Z,62.4635088,7.6738409,390.599,8.55,-3.12,4.27,1.327,2.278,0.46,0.0,0.0,0.0,15
2023-08-24T12:37:20.000Z,62.4635243,7.673829,389.753,8.7,-3.05,4.32,1.335,2.29,0.46,0.0,0.0,0.0,16
2023-08-24T12:37:20.200Z,62.4635399,7.6738175,388.868,8.73,-2.88,4.34,1.343,2.301,0.46,0.0,0.0,0.0,15
2023-08-24T12:37:20.400Z,62.4635555,7.6738062,388.006,8.75,-2.93,4.46,1.351,2.312,0.47,0.0,0.0,0.0,15
2023-08-24T12:37:20.600Z,62.4635712,7.6737949,387.125,8.81,-2.89,4.46,1.359,2.323,0.48,0.0,0.0,0.0,15
2023-08-24T12:37:20.800Z,62.4635872,7.6737837,386.234,8.94,-2.9,4.46,1.369,2.334,0.48,0.0,0.0,0.0,15
2023-08-24T12:37:21.000Z,62.4636035,7.6737732,385.334,9.22,-2.53,4.52,1.378,2.345,0.48,0.0,0.0,0.0,15
2023-08-24T12:37:21.200Z,62.4636202,7.6737638,384.41,9.44,-2.33,4.65,1.387,2.358,0.48,0.0,0.0,0.0,15
2023-08-24T12:37:21.400Z,62.4636375,7.6737534,383.485,9.64,-2.92,4.42,1.396,2.371,0.49,0.0,0.0,0.0,15
2023-08-24T12:37:21.600Z,62.4636545,7.6737445,382.614,9.47,-1.78,4.49,1.403,2.381,0.4,0.0,0.0,0.0,15
2023-08-24T12:37:21.800Z,62.4636717,7.6737372,381.756,9.82,-2.0,4.41,1.408,2.392,0.45,0.0,0.0,0.0,16
2023-08-24T12:37:22.000Z,62.4636896,7.6737296,380.874,10.14,-1.92,4.53,1.415,2.404,0.44,0.0,0.0,0.0,16
2023-08-24T12:37:22.200Z,62.4637078,7.6737229,379.98,10.31,-1.63,4.64,1.418,2.411,0.4,0.0,0.0,0.0,16
2023-08-24T12:37:22.400Z,62.4637263,7.6737174,379.076,10.39,-1.29,4.47,1.417,2.415,0.36,0.0,0.0,0.0,16
2023-08-24T12:37:22.600Z,62.4637446,7.6737137,378.222,10.3,-0.84,4.35,1.405,2.411,0.31,0.0,0.0,0.0,16
2023-08-24T12:37:22.800Z,62.4637625,7.6737109,377.455,10.09,-0.71,4.06,1.406,2.424,0.48,0.0,0.0,0.0,17
2023-08-24T12:37:23.000Z,62.46378,7.6737086,376.73,10.06,-0.73,3.87,1.399,2.417,0.29,0.0,0.0,0.0,17
2023-08-24T12:37:23.200Z,62.4637974,7.6737072,376.037,9.97,-0.38,3.6,1.386,2.407,0.28,0.0,0.0,0.0,17
2023-08-24T12:37:23.400Z,62.4638147,7.6737073,375.296,9.81,0.01,3.35,1.374,2.401,0.27,0.0,0.0,0.0,17
2023-08-24T12:37:23.600Z,62.4638321,7.6737086,374.641,10.0,0.32,3.14,1.364,2.396,0.28,0.0,0.0,0.0,17
2023-08-24T12:37:23.800Z,62.4638495,7.6737108,374.054,9.77,0.56,3.01,1.357,2.391,0.29,0.0,0.0,0.0,17
2023-08-24T12:37:24.000Z,62.4638672,7.6737132,373.451,10.01,0.6,2.69,1.352,2.389,0.31,0.0,0.0,0.0,17
2023-08-24T12:37:24.200Z,62.4638838,7.6737173,372.994,9.38,1.24,2.77,1.34,2.38,0.27,0.0,0.0,0.0,17
2023-08-24T12:37:24.400Z,62.4638997,7.6737223,372.577,8.98,1.23,2.43,1.327,2.371,0.26,0.0,0.0,0.0,17
2023-08-24T12:37:24.600Z,62.463915,7.6737276,372.171,8.57,1.44,2.31,1.315,2.361,0.26,0.0,0.0,0.0,17
2023-08-24T12:37:24.800Z,62.4639304,7.6737332,371.794,8.52,1.67,2.28,1.306,2.355,0.3,0.0,0.0,0.0,17
2023-08-24T12:37:25.000Z,62.4639458,7.6737394,371.347,8.53,1.68,2.27,1.298,2.35,0.28,0.0,0.0,0.0,17
2023-08-24T12:37:25.200Z,62.4639609,7.673746,370.89,8.25,1.82,2.47,1.29,2.343,0.27,0.0,0.0,0.0,17
2023-08-24T12:37:25.400Z,62.4639753,7.6737529,370.429,7.96,1.76,2.56,1.281,2.337,0.27,0.0,0.0,0.0,17
2023-08-24T12:37:25.600Z,62.4639893,7.6737597,369.914,7.73,1.73,2.68,1.274,2.33,0.27,0.0,0.0,0.0,17
2023-08-24T12:37:25.800Z,62.4640031,7.6737665,369.368,7.68,1.76,2.89,1.267,2.324,0.27,0.0,0.0,0.0,17
2023-08-24T12:37:26.000Z,62.4640168,7.6737732,368.814,7.71,1.67,3.06,1.26,2.317,0.27,0.0,0.0,0.0,17
2023-08-24T12:37:26.200Z,62.4640304,7.6737801,368.227,7.61,1.89,3.19,1.253,2.31,0.27,0.0,0.0,0.0,17
2023-08-24T12:37:26.400Z,62.464044,7.6737874,367.594,7.61,1.84,3.34,1.245,2.299,0.27,0.0,0.0,0.0,17
2023-08-24T12:37:26.600Z,62.4640572,7.6737946,366.949,7.27,1.82,3.44,1.237,2.288,0.26,0.0,0.0,0.0,17
2023-08-24T12:37:26.800Z,62.4640702,7.6738021,366.229,7.27,1.91,3.49,1.232,2.282,0.27,0.0,0.0,0.0,17
2023-08-24T12:37:27.000Z,62.4640833,7.6738097,365.472,7.38,1.93,3.79,1.229,2.276,0.28,0.0,0.0,0.0,17
2023-08-24T12:37:27.200Z,62.4640967,7.6738177,364.664,7.57,2.07,3.89,1.227,2.271,0.27,0.0,0.0,0.0,17
2023-08-24T12:37:27.400Z,62.4641106,7.6738255,363.852,7.89,1.9,3.86,1.225,2.268,0.28,0.0,0.0,0.0,17
2023-08-24T12:37:27.600Z,62.4641245,7.6738341,363.032,7.7,2.46,4.27,1.221,2.261,0.27,0.0,0.0,0.0,17
2023-08-24T12:37:27.800Z,62.4641381,7.6738436,362.208,7.68,2.39,4.17,1.215,2.248,0.26,0.0,0.0,0.0,17
2023-08-24T12:37:28.000Z,62.4641518,7.6738534,361.409,7.73,2.63,4.2,1.208,2.233,0.26,0.0,0.0,0.0,17
2023-08-24T12:37:28.200Z,62.4641657,7.673864,360.52,7.67,2.78,4.23,1.202,2.222,0.26,0.0,0.0,0.0,17
2023-08-24T12:37:28.400Z,62.4641796,7.6738755,359.661,7.6,3.12,4.18,1.198,2.216,0.27,0.0,0.0,0.0,18
2023-08-24T12:37:28.600Z,62.4641938,7.6738876,358.797,8.05,3.06,4.03,1.197,2.211,0.27,0.0,0.0,0.0,18
2023-08-24T12:37:28.800Z,62.4642085,7.6739012,357.918,8.2,3.85,4.35,1.194,2.202,0.27,0.0,0.0,0.0,18
2023-08-24T12:37:29.000Z,62.464223,7.6739167,357.063,7.7,4.12,4.0,1.188,2.187,0.26,0.0,0.0,0.0,18
2023-08-24T12:37:29.200Z,62.4642369,7.6739332,356.2,7.46,4.38,3.97,1.181,2.172,0.27,0.0,0.0,0.0,18
2023-08-24T12:37:29.400Z,62.4642504,7.673951,355.33,7.29,4.69,3.89,1.169,2.137,0.24,0.0,0.0,0.0,18
2023-08-24T12:37:29.600Z,62.4642636,7.6739697,354.491,6.92,4.9,3.66,1.16,2.112,0.26,0.0,0.0,0.0,18
2023-08-24T12:37:29.800Z,62.4642762,7.6739891,353.756,6.9,5.13,3.45,1.155,2.096,0.27,0.0,0.0,0.0,18
2023-08-24T12:37:30.000Z,62.4642887,7.6740103,352.989,6.71,5.7,3.44,1.15,2.08,0.29,0.0,0.0,0.0,18
2023-08-24T12:37:30.200Z,62.4643006,7.674033,352.246,6.23,6.02,3.44,1.145,2.065,0.29,0.0,0.0,0.0,18
2023-08-24T12:37:30.400Z,62.4643118,7.6740569,351.553,5.99,6.33,3.25,1.141,2.049,0.3,0.0,0.0,0.0,18
2023-08-24T12:37:30.600Z,62.4643222,7.6740818,350.841,5.54,6.49,3.31,1.138,2.035,0.31,0.0,0.0,0.0,18
2023-08-24T12:37:30.800Z,62.4643318,7.6741071,350.185,4.99,6.61,3.12,1.134,2.018,0.31,0.0,0.0,0.0,18
2023-08-24T12:37:31.000Z,62.4643408,7.6741326,349.601,4.97,6.63,2.99,1.132,2.004,0.31,0.0,0.0,0.0,18
2023-08-24T12:37:31.200Z,62.4643495,7.6741587,348.944,4.56,6.73,2.89,1.13,1.994,0.3,0.0,0.0,0.0,18
2023-08-24T12:37:31.400Z,62.4643579,7.6741855,348.33,4.73,7.03,2.94,1.128,1.985,0.3,0.0,0.0,0.0,18
2023-08-24T12:37:31.600Z,62.4643662,7.6742129,347.715,4.49,7.24,3.21,1.125,1.974,0.31,0.0,0.0,0.0,18
2023-08-24T12:37:31.800Z,62.4643739,7.6742413,347.004,3.8,7.28,2.96,1.122,1.96,0.35,0.0,0.0,0.0,19
2023-08-24T12:37:32.000Z,62.4643807,7.6742697,346.394,3.62,7.51,2.99,1.12,1.947,0.35,0.0,0.0,0.0,19
2023-08-24T12:37:32.200Z,62.4643871,7.6742986,345.761,3.31,7.47,2.95,1.114,1.923,0.33,0.0,0.0,0.0,19
2023-08-24T12:37:32.400Z,62.4643928,7.6743275,345.187,3.1,7.55,2.96,1.11,1.899,0.34,0.0,0.0,0.0,19
2023-08-24T12:37:32.600Z,62.464398,7.6743566,344.648,2.67,7.55,2.66,1.106,1.878,0.35,0.0,0.0,0.0,19
2023-08-24T12:37:32.800Z,62.4644027,7.6743859,344.131,2.47,7.67,2.62,1.104,1.861,0.35,0.0,0.0,0.0,19
2023-08-24T12:37:33.000Z,62.4644067,7.6744159,343.626,2.02,7.88,2.61,1.103,1.847,0.36,0.0,0.0,0.0,19
2023-08-24T12:37:33.200Z,62.4644099,7.6744458,343.124,1.55,7.72,2.6,1.103,1.834,0.36,0.0,0.0,0.0,19
2023-08-24T12:37:33.400Z,62.4644123,7.6744751,342.626,1.24,7.55,2.47,1.104,1.822,0.36,0.0,0.0,0.0,19
2023-08-24T12:37:33.600Z,62.464414,7.6745044,342.14,0.76,7.64,2.44,1.105,1.812,0.37,0.0,0.0,0.0,19
2023-08-24T12:37:33.800Z,62.464415,7.6745335,341.655,0.44,7.57,2.52,1.108,1.807,0.37,0.0,0.0,0.0,19
2023-08-24T12:37:34.000Z,62.4644152,7.6745618,341.178,-0.32,7.24,2.56,1.113,1.806,0.38,0.0,0.0,0.0,19
2023-08-24T12:37:34.200Z,62.4644143,7.6745899,340.646,-0.7,7.42,2.75,1.118,1.804,0.37,0.0,0.0,0.0,19
2023-08-24T12:37:34.400Z,62.4644126,7.6746182,340.051,-1.22,7.42,3.09,1.125,1.805,0.37,0.0,0.0,0.0,19
2023-08-24T12:37:34.600Z,62.4644099,7.6746468,339.418,-1.76,7.5,3.2,1.132,1.807,0.34,0.0,0.0,0.0,19
2023-08-24T12:37:34.800Z,62.4644062,7.6746748,338.776,-2.51,7.12,3.34,1.138,1.808,0.31,0.0,0.0,0.0,19
2023-08-24T12:37:35.000Z,62.4644013,7.6747025,338.085,-2.94,7.3,3.52,1.142,1.809,0.3,0.0,0.0,0.0,19
2023-08-24T12:37:35.200Z,62.4643953,7.6747301,337.376,-3.69,7.1,3.63,1.146,1.811,0.3,0.0,0.0,0.0,19
2023-08-24T12:37:35.400Z,62.4643883,7.6747567,336.636,-4.24,6.78,3.82,1.151,1.816,0.29,0.0,0.0,0.0,19
2023-08-24T12:37:35.600Z,62.4643801,7.6747819,335.847,-4.87,6.42,4.17,1.156,1.818,0.3,0.0,0.0,0.0,19
2023-08-24T12:37:35.800Z,62.4643706,7.6748056,335.046,-5.8,5.94,4.13,1.161,1.822,0.3,0.0,0.0,0.0,19
2023-08-24T12:37:36.000Z,62.46436,7.6748278,334.275,-6.26,5.66,4.16,1.167,1.827,0.3,0.0,0.0,0.0,18
2023-08-24T12:37:36.200Z,62.4643482,7.6748484,333.438,-6.73,5.03,4.04,1.174,1.834,0.31,0.0,0.0,0.0,18
2023-08-24T12:37:36.400Z,62.4643352,7.6748665,332.563,-7.46,4.42,4.08,1.182,1.844,0.36,0.0,0.0,0.0,18
2023-08-24T12:37:36.600Z,62.4643205,7.6748819,331.642,-8.32,3.66,4.0,1.192,1.854,0.36,0.0,0.0,0.0,18
2023-08-24T12:37:36.800Z,62.4643048,7.6748952,330.772,-8.77,3.27,3.84,1.202,1.867,0.37,0.0,0.0,0.0,19
2023-08-24T12:37:37.000Z,62.4642886,7.6749065,329.946,-8.87,2.65,3.62,1.214,1.881,0.38,0.0,0.0,0.0,18
2023-08-24T12:37:37.200Z,62.4642728,7.6749152,329.274,-8.89,1.94,3.5,1.226,1.896,0.4,0.0,0.0,0.0,19
2023-08-24T12:37:37.400Z,62.4642566,7.6749212,328.593,-9.08,1.26,3.35,1.239,1.912,0.41,0.0,0.0,0.0,19
2023-08-24T12:37:37.600Z,62.4642397,7.6749252,327.895,-9.43,0.89,3.28,1.252,1.929,0.42,0.0,0.0,0.0,19
2023-08-24T12:37:37.800Z,62.4642221,7.6749289,327.143,-9.84,1.02,3.5,1.264,1.947,0.45,0.0,0.0,0.0,19
2023-08-24T12:37:38.000Z,62.4642053,7.6749314,326.546,-9.15,0.46,3.09,1.276,1.965,0.49,0.0,0.0,0.0,19
2023-08-24T12:37:38.200Z,62.4641893,7.6749325,326.043,-8.97,0.27,2.61,1.296,1.992,0.6,0.0,0.0,0.0,19
2023-08-24T12:37:38.400Z,62.4641743,7.6749332,325.586,-8.25,0.12,2.68,1.322,2.021,0.61,0.0,0.0,0.0,19
2023-08-24T12:37:38.600Z,62.4641592,7.6749324,325.208,-9.2,-0.39,2.66,1.353,2.054,0.56,0.0,0.0,0.0,19
2023-08-24T12:37:38.800Z,62.4641431,7.6749316,324.635,-8.73,-0.14,2.8,1.383,2.085,0.55,0.0,0.0,0.0,19
2023-08-24T12:37:39.000Z,62.4641273,7.6749315,324.073,-8.98,0.04,2.86,1.409,2.112,0.53,0.0,0.0,0.0,19
2023-08-24T12:37:39.200Z,62.464112,7.6749326,323.498,-8.62,0.53,3.06,1.427,2.129,0.5,0.0,0.0,0.0,19
2023-08-24T12:37:39.400Z,62.4640969,7.6749353,322.933,-8.65,0.77,3.29,1.442,2.145,0.49,0.0,0.0,0.0,19
2023-08-24T12:37:39.600Z,62.4640809,7.674939,322.224,-9.16,1.03,3.49,1.453,2.156,0.47,0.0,0.0,0.0,18
2023-08-24T12:37:39.800Z,62.4640651,7.6749422,321.541,-8.86,0.91,3.72,1.462,2.166,0.46,0.0,0.0,0.0,18
2023-08-24T12:37:40.000Z,62.4640494,7.6749458,320.73,-8.85,1.2,3.81,1.468,2.173,0.44,0.0,0.0,0.0,18
2023-08-24T12:37:40.200Z,62.4640337,7.6749504,319.961,-8.97,1.44,4.0,1.474,2.179,0.43,0.0,0.0,0.0,18
2023-08-24T12:37:40.400Z,62.4640171,7.6749559,319.095,-9.54,1.68,4.48,1.482,2.187,0.44,0.0,0.0,0.0,18
2023-08-24T12:37:40.600Z,62.464,7.6749621,318.18,-9.89,1.71,4.72,1.491,2.198,0.44,0.0,0.0,0.0,18
2023-08-24T12:37:40.800Z,62.4639825,7.6749692,317.212,-9.85,2.06,4.77,1.499,2.208,0.43,0.0,0.0,0.0,18
2023-08-24T12:37:41.000Z,62.4639648,7.674978,316.229,-9.97,2.5,4.86,1.506,2.217,0.42,0.0,0.0,0.0,18
2023-08-24T12:37:41.200Z,62.463947,7.6749877,315.22,-9.93,2.7,5.04,1.512,2.224,0.41,0.0,0.0,0.0,18
2023-08-24T12:37:41.400Z,62.463929,7.6749983,314.132,-10.07,2.79,5.13,1.518,2.23,0.41,0.0,0.0,0.0,18
2023-08-24T12:37:41.600Z,62.4639105,7.6750098,312.999,-10.43,3.14,5.32,1.524,2.235,0.39,0.0,0.0,0.0,18
2023-08-24T12:37:41.800Z,62.4638914,7.6750225,311.838,-10.73,3.56,5.51,1.53,2.242,0.38,0.0,0.0,0.0,18
2023-08-24T12:37:42.000Z,62.4638721,7.6750364,310.774,-11.05,3.73,5.3,1.536,2.248,0.37,0.0,0.0,0.0,18
2023-08-24T12:37:42.200Z,62.463852,7.6750507,309.678,-11.17,3.71,5.34,1.542,2.253,0.37,0.0,0.0,0.0,18
2023-08-24T12:37:42.400Z,62.4638317,7.6750643,308.553,-11.24,3.48,5.33,1.549,2.26,0.39,0.0,0.0,0.0,18
2023-08-24T12:37:42.600Z,62.4638112,7.6750778,307.457,-11.6,3.48,5.25,1.556,2.267,0.39,0.0,0.0,0.0,18
2023-08-24T12:37:42.800Z,62.4637907,7.6750908,306.459,-11.64,3.41,5.02,1.564,2.274,0.39,0.0,0.0,0.0,18
2023-08-24T12:37:43.000Z,62.4637697,7.6751042,305.409,-11.73,3.47,4.81,1.572,2.281,0.38,0.0,0.0,0.0,17
2023-08-24T12:37:43.200Z,62.4637484,7.6751174,304.428,-11.96,3.26,4.53,1.58,2.284,0.36,0.0,0.0,0.0,17
2023-08-24T12:37:43.400Z,62.463727,7.6751293,303.578,-12.03,2.94,4.19,1.586,2.286,0.34,0.0,0.0,0.0,17
2023-08-24T12:37:43.600Z,62.463706,7.6751404,302.843,-11.62,2.65,3.51,1.591,2.289,0.34,0.0,0.0,0.0,17
2023-08-24T12:37:43.800Z,62.4636855,7.6751509,302.239,-11.58,2.68,2.82,1.598,2.296,0.35,0.0,0.0,0.0,17
2023-08-24T12:37:44.000Z,62.463665,7.6751609,301.727,-11.23,2.42,2.21,1.607,2.305,0.39,0.0,0.0,0.0,17
2023-08-24T12:37:44.200Z,62.4636455,7.6751689,301.345,-10.59,1.81,1.88,1.617,2.314,0.39,0.0,0.0,0.0,17
2023-08-24T12:37:44.400Z,62.4636274,7.6751755,301.103,-10.03,1.72,1.41,1.627,2.323,0.39,0.0,0.0,0.0,17
2023-08-24T12:37:44.600Z,62.4636099,7.6751833,300.811,-9.38,2.12,0.86,1.636,2.332,0.34,0.0,0.0,0.0,17
2023-08-24T12:37:44.800Z,62.4635943,7.6751916,300.858,-8.43,1.89,-0.64,1.645,2.34,0.35,0.0,0.0,0.0,17
2023-08-24T12:37:45.000Z,62.4635795,7.6751967,300.928,-8.03,0.92,-0.77,1.655,2.35,0.36,0.0,0.0,0.0,17
2023-08-24T12:37:45.200Z,62.4635674,7.6752023,301.058,-6.03,2.05,-0.28,1.668,2.362,0.35,0.0,0.0,0.0,17
2023-08-24T12:37:45.400Z,62.4635572,7.6752083,300.951,-5.37,1.51,0.42,1.68,2.371,0.34,0.0,0.0,0.0,17
2023-08-24T12:37:45.600Z,62.4635484,7.675212,300.821,-4.56,0.68,0.38,1.691,2.381,0.36,0.0,0.0,0.0,17
2023-08-24T12:37:45.800Z,62.4635411,7.6752165,300.874,-4.0,1.36,-0.21,1.706,2.395,0.38,0.0,0.0,0.0,16
2023-08-24T12:37:46.000Z,62.4635351,7.675218,301.019,-3.4,-0.17,-0.43,1.723,2.41,0.38,0.0,0.0,0.0,16
2023-08-24T12:37:46.200Z,62.4635294,7.6752191,301.151,-3.19,0.57,-0.73,1.739,2.424,0.4,0.0,0.0,0.0,16
2023-08-24T12:37:46.400Z,62.4635249,7.675219,301.183,-2.33,0.2,0.18,1.755,2.435,0.39,0.0,0.0,0.0,16
2023-08-24T12:37:46.600Z,62.4635216,7.6752177,301.198,-1.74,-0.56,0.02,1.774,2.453,0.52,0.0,0.0,0.0,16
2023-08-24T12:37:46.800Z,62.4635187,7.6752147,301.191,-1.64,-0.94,-0.15,1.794,2.472,0.57,0.0,0.0,0.0,16
2023-08-24T12:37:47.000Z,62.4635162,7.6752119,301.186,-1.18,-0.49,-0.1,1.812,2.491,0.53,0.0,0.0,0.0,17
2023-08-24T12:37:47.200Z,62.4635151,7.6752089,301.221,-0.58,-0.72,0.01,1.83,2.511,0.72,0.0,0.0,0.0,17
